EQUIPAMIENTO;TRANSPORTE;ACCESIBILIDAD;CONTENT-URL;NOMBRE-VIA;CLASE-VIAL;TIPO-NUM;NUM;PLANTA;PUERTA;ESCALERAS;ORIENTACION;LOCALIDAD;PROVINCIA;CODIGO-POSTAL;COD-BARRIO;BARRIO;COD-DISTRITO;DISTRITO;COORDENADA-X;COORDENADA-Y;LATITUD;LONGITUD;TELEFONO;FAX;EMAIL
1 Campo de futbol (cesped artificial) 1 Campo de futbol 7 (cesped artificial) 4 Pistas de Padel 1 Pista de baloncesto 1 Pista de voleibol  Acceso controlado.;Consulta los siguientes enlaces.;0;http://www.madrid.es/sites/v/index.jsp?vgnextchannel=bfa48ab43d6bb410VgnVCM100000171f5a0aRCRD&vgnextoid=bca52a4e24891110VgnVCM2000000c205a0aRCRD;LA RIVIERA;CALLE;V;4;;;;;MADRID;MADRID;28030;2;HORCAJO;14;MORATALAZ;446619;4472991;40.405.822.647.416.600;-36.291.151.510.513.100;;;
1 Campo de Futbol (de cesped artificial)  2 Campos de chito  1 Pista de Baloncesto 1 Pista de padel (cristal) Tenis de mesa  Acceso controlado.;Metro: Conde Casal (linea 6), Pacifico (lineas 1 y 6).;1;http://www.madrid.es/sites/v/index.jsp?vgnextchannel=bfa48ab43d6bb410VgnVCM100000171f5a0aRCRD&vgnextoid=71041c7a2c61c010VgnVCM1000000b205a0aRCRD;MARTINEZ CORROCHANO;CALLE;V;26;;;;;MADRID;MADRID;28007;2;ADELFAS;3;RETIRO;443256;4472734;40.403.285.702.406.700;-36.687.023.840.331.700;"699 354 506 
consulta de informacion   
914 338 950 - 914 338 770 
CDM Daoiz y Velarde, gestiones administrativas";;idmdvelarde@madrid.es
1 Campo de futbol (de tierra) 1 Campo de futbol (de cesped artificial) 1 Pista de futbol sala 3 Pistas de baloncesto 6 Pistas de bolos y petanca 3 Pistas de chito (en recinto cerrado) Tenis de Mesa Circuito de bicicletas  Acceso controlado.;Metro: Aluche (linea 5).;0;http://www.madrid.es/sites/v/index.jsp?vgnextchannel=bfa48ab43d6bb410VgnVCM100000171f5a0aRCRD&vgnextoid=228a8244ca902110VgnVCM1000000b205a0aRCRD;VALMOJADO;CALLE;V;4;;;;;MADRID;MADRID;28047;4;ALUCHE;10;LATINA;435712;4472070;40.396.755.209.740.400;-3.757.541.291.696.210;;;
1 Campo de futbol 1 Pista de baloncesto  Acceso controlado.;Consulta los siguientes enlaces.;0;http://www.madrid.es/sites/v/index.jsp?vgnextchannel=bfa48ab43d6bb410VgnVCM100000171f5a0aRCRD&vgnextoid=569c1939773b2110VgnVCM1000000b205a0aRCRD;SUR;RONDA;V;149;;;;;MADRID;MADRID;28053;1;ENTREVIAS;13;PUENTE DE VALLECAS;442304;4470116;403.754.772.767.722;-367.146.998.429.788;;;
1 Campo de futbol 1 Pista de baloncesto 1 Pista de futbol sala 1 Pista de patinaje  Acceso controlado.;Metro: San Francisco (linea 11).;0;http://www.madrid.es/sites/v/index.jsp?vgnextchannel=bfa48ab43d6bb410VgnVCM100000171f5a0aRCRD&vgnextoid=5456d915a1f65110VgnVCM1000000b205a0aRCRD;POBLADOS;AVENIDA;V;106;;;;;MADRID;MADRID;28044;6;BUENAVISTA;11;CARABANCHEL;437371;4469475;4.037.350.468.781.610;-37.377.388.304.920.600;;;
1 Campo de futbol 11 (de cesped artificial) 1 Pista de futbol sala (con equipamiento para baloncesto tambien) Tenis de mesa  Acceso controlado.;Consulta los siguientes enlaces.;0;http://www.madrid.es/sites/v/index.jsp?vgnextchannel=bfa48ab43d6bb410VgnVCM100000171f5a0aRCRD&vgnextoid=98bb53a201322110VgnVCM1000000b205a0aRCRD;SOLEDAD CAZORLA;CALLE;V;24;;;;;MADRID;MADRID;28044;7;LAS AGUILAS;10;LATINA;434603;4469663;4.037.498.855.527.890;-3.770.352.737.745.440;;;
1 campo de futbol 11 de hierba artificial con cerramiento. (actualmente tiene una autorizacion de uso el club Periso club de futbol) 1 Pista de patinaje. 1 Pista de chito 1 Pista de minibaloncesto  Acceso controlado.;Metro: Vicalvaro (linea 9).;0;http://www.madrid.es/sites/v/index.jsp?vgnextchannel=bfa48ab43d6bb410VgnVCM100000171f5a0aRCRD&vgnextoid=9b1fdec5c4961110VgnVCM1000000b205a0aRCRD;VEREDA DEL PINAR;CALLE;V;1;;;;;MADRID;MADRID;28032;;AMBROZ;;VICALVARO;448447;4473531;4.041.079.351.896.060;-3.607.616.723.630.340;;;
1 Campo de futbol 2 Campos de futbol 7 (cesped artificial) 2 Pistas de polideportivas (baloncesto y ecuavoley) Tenis de mesa  Acceso controlado.;Metro: Laguna (linea 6).  Renfe: Laguna (linea C5).;0;http://www.madrid.es/sites/v/index.jsp?vgnextchannel=bfa48ab43d6bb410VgnVCM100000171f5a0aRCRD&vgnextoid=df6fb1d084ea2110VgnVCM2000000c205a0aRCRD;CUART DE POBLET;CALLE;V;6;;;;;MADRID;MADRID;28047;3;LUCERO;10;LATINA;436196;4472113;4.039.717.971.610.270;-37.518.546.091.873.800;;;
1 Campo de futbol 2 Pistas de futbol sala 1 Pista de baloncesto  Acceso controlado.;Consulta los siguientes enlaces.;0;http://www.madrid.es/sites/v/index.jsp?vgnextchannel=bfa48ab43d6bb410VgnVCM100000171f5a0aRCRD&vgnextoid=140a5e8f052a1110VgnVCM1000000b205a0aRCRD;SANTA GENOVEVA;CALLE;V;7;;;;;MADRID;MADRID;28017;1;VENTAS;15;CIUDAD LINEAL;444948;4474889;4.042.281.594.369.450;-36.489.488.619.219.900;;;
1 Campo de futbol 7 (cesped artificial) 1 Pista de baloncesto 1 Pista de futbol sala 4 Pistas de padel 1 Circuito de footing 2 Tenis de mesa  Acceso controlado.;Metro: Parque de las Avenidas (linea 7).;1;http://www.madrid.es/sites/v/index.jsp?vgnextchannel=bfa48ab43d6bb410VgnVCM100000171f5a0aRCRD&vgnextoid=5aa6395961e4f010VgnVCM2000000c205a0aRCRD;BRASILIA;AVENIDA;V;2;;;;;MADRID;MADRID;28028;4;GUINDALERA;4;SALAMANCA;443948;4476487;40.437.141.038.651.400;-3.660.887.719.467.940;611 177 515;;crguindalera1924@gmail.com
1 Campo de futbol 7 (cesped artificial) 1 Pista polideportiva (con marcajes de baloncesto longitudinal y transversal y balonmano) 2 Pistas de tenis 2 Pistas de padel (de cesped artificial) 1 Pista de bolos y petanca 2 Pistas de tenis de mesa  Acceso controlado.;Metro: Arroyo del Fresno, Lacoma (linea 7).;0;http://www.madrid.es/sites/v/index.jsp?vgnextchannel=bfa48ab43d6bb410VgnVCM100000171f5a0aRCRD&vgnextoid=72360e45fe291110VgnVCM2000000c205a0aRCRD;CERRO MINGUETE;CALLE;V;156;;;;;MADRID;MADRID;28035;7;MIRASIERRA;8;FUENCARRAL-EL PARDO;438472;4482062;40.486.979.597.630.100;-37.259.882.772.690.600;;;
1 Campo de futbol 7 tierra 1 Pista de baloncesto 1 Pista de futbol sala  Acceso libre.;Consulta los siguientes enlaces.;0;http://www.madrid.es/sites/v/index.jsp?vgnextchannel=bfa48ab43d6bb410VgnVCM100000171f5a0aRCRD&vgnextoid=18feabc170891110VgnVCM2000000c205a0aRCRD;FLORENCIO CANO CRISTOBAL;CALLE;V;8;;;;;MADRID;MADRID;28030;3;MARROQUINA;14;MORATALAZ;446353;4473456;404.099.962.233.355;-3.632.267.475.563.550;;;
1 Campo de futbol Sala 1 Pista de baloncesto  Acceso libre.;Metro: Principe Pio (lineas 6, 10 y R).  Renfe: Principe Pio (lineas C1, C7 y C10).;0;http://www.madrid.es/sites/v/index.jsp?vgnextchannel=bfa48ab43d6bb410VgnVCM100000171f5a0aRCRD&vgnextoid=b096bcc750f5c210VgnVCM1000000b205a0aRCRD;SAN ANTONIO DE LA FLORIDA;GLORIETA;V;10;;;;;MADRID;MADRID;28008;1;CASA DE CAMPO;9;MONCLOA-ARAVACA;438346;4475253;4.042.609.921.330.980;-3.726.181.571.655.930;;;
1 Campo de futbol sala pavimentado 1 Pista de voleibol 1 Pista de minibaloncesto 1 Pista de patinaje 1 Pista de skate  Acceso libre.;Metro: Manoteras (linea 4).;2;http://www.madrid.es/sites/v/index.jsp?vgnextchannel=bfa48ab43d6bb410VgnVCM100000171f5a0aRCRD&vgnextoid=b9ed7874b8f61110VgnVCM1000000b205a0aRCRD;BACARES;CALLE;V;27;;;;;MADRID;MADRID;28033;5;APOSTOL SANTIAGO;16;HORTALEZA;443734;4480962;4.047.743.047.451.650;-3.663.819.108.324.950;;;
1 Campo futbol 7 2 Pistas polideportivas 1 Pista tenis 1 Pista padel 1 Pista de baloncesto 1 Pista practicas de golf  Acceso controlado.;Metro: Suanzes (linea 5).;0;http://www.madrid.es/sites/v/index.jsp?vgnextchannel=bfa48ab43d6bb410VgnVCM100000171f5a0aRCRD&vgnextoid=367511f66a6f5310VgnVCM1000000b205a0aRCRD;IQUITOS;CALLE;V;85;;;;;MADRID;MADRID;28027;8;EL SALVADOR;20;SAN BLAS-CANILLEJAS;446717;4476912;404.411.574.157.068;-36.282.742.779.177.500;;;
1 Fronton 1 Pista de baloncesto  Acceso libre.;Metro: Barrio de la Concepcion (linea 7).;0;http://www.madrid.es/sites/v/index.jsp?vgnextchannel=bfa48ab43d6bb410VgnVCM100000171f5a0aRCRD&vgnextoid=b401ee4851bd1110VgnVCM1000000b205a0aRCRD;SALVADOR DE MADARIAGA;CALLE;V;9;;;;;MADRID;MADRID;28027;5;SAN PASCUAL;15;CIUDAD LINEAL;444268;4476735;4.043.939.860.438.440;-36.571.307.210.648.600;;;
1 Pista  polideportiva con marcaje de futbol sala 2 pistas transversales de baloncesto  Acceso libre.;Metro:  Alameda de Osuna (linea 5).;1;http://www.madrid.es/sites/v/index.jsp?vgnextchannel=bfa48ab43d6bb410VgnVCM100000171f5a0aRCRD&vgnextoid=c232ee4851bd1110VgnVCM1000000b205a0aRCRD;GALEON;CALLE;V;25;;;;;MADRID;MADRID;28042;1;ALAMEDA DE OSUNA;21;BARAJAS;450434;4478671;4.045.809.551.746.530;-3.582.926.317.075.540;;;
1 Pista baloncesto  Acceso libre.;Metro: El Carmen (linea 5), Ventas (lineas 2 y 5).;0;http://www.madrid.es/sites/v/index.jsp?vgnextchannel=bfa48ab43d6bb410VgnVCM100000171f5a0aRCRD&vgnextoid=7154949a6cda4310VgnVCM2000000c205a0aRCRD;JAZMIN;CALLE;V;37;;;;;MADRID;MADRID;28027;4;CONCEPCION;15;CIUDAD LINEAL;444038;4475943;4.043.223.738.609.810;-36.597.904.281.119.000;;;
1 Pista baloncesto  Acceso libre.;Metro: Artilleros (linea 9).;0;http://www.madrid.es/sites/v/index.jsp?vgnextchannel=bfa48ab43d6bb410VgnVCM100000171f5a0aRCRD&vgnextoid=a81483dbd6891110VgnVCM2000000c205a0aRCRD;MOLINA DE SEGURA;CALLE;V;6;;;;;MADRID;MADRID;28030;3;MARROQUINA;14;MORATALAZ;445887;4473169;40.407.386.769.370.700;-36.377.418.640.890.100;;;
1 Pista Baloncesto 1 Campo Futbol Sala  Acceso libre.;Metro: Fuencarral (linea 10).;0;http://www.madrid.es/sites/v/index.jsp?vgnextchannel=bfa48ab43d6bb410VgnVCM100000171f5a0aRCRD&vgnextoid=6571b79f9b415310VgnVCM2000000c205a0aRCRD;EL FERROL;AVENIDA;V;34;;;;CUBIERTA DE P.A.R. FERROL;MADRID;MADRID;28029;4;EL PILAR;8;FUENCARRAL-EL PARDO;439990;4480717;40.474.976.052.563.800;-3.707.942.318.722.380;;;
1 Pista baloncesto 1 Pista fubol-sala 2 zonas de chito  Acceso libre.;Metro: Pavones (lineas 9).;0;http://www.madrid.es/sites/v/index.jsp?vgnextchannel=bfa48ab43d6bb410VgnVCM100000171f5a0aRCRD&vgnextoid=50a72f68db606310VgnVCM1000000b205a0aRCRD;DOCTOR GARCIA TAPIA;AVENIDA;V;28;;;;;MADRID;MADRID;28030;3;MARROQUINA;14;MORATALAZ;444743;4473697;4.041.206.030.334.080;-36.512.840.783.264.400;;;
1 Pista de atletismo 1 Patinodromo 1 Pista de baloncesto  Acceso libre.;Metro: Suanzes (linea 5).;0;http://www.madrid.es/sites/v/index.jsp?vgnextchannel=bfa48ab43d6bb410VgnVCM100000171f5a0aRCRD&vgnextoid=6fb39695ed9e1110VgnVCM1000000b205a0aRCRD;ALCALA;CALLE;V;535;;;;;MADRID;MADRID;28027;8;EL SALVADOR;20;SAN BLAS-CANILLEJAS;447056;4476976;40.441.757.700.827.200;-3.624.280.711.174.710;;;
1 Pista de Baloncesto;Metro: Conde de CasalBus: 14 , 20 , 30 , 32 , 56 , 63 , 143 , 145 , 156;0;http://www.madrid.es/sites/v/index.jsp?vgnextchannel=bfa48ab43d6bb410VgnVCM100000171f5a0aRCRD&vgnextoid=d6a360206d201110VgnVCM1000000b205a0aRCRD;VIRGEN DE LA ESTRELLA;PLAZUELA;V;1;;;;;MADRID;MADRID;28007;3;ESTRELLA;3;RETIRO;443310;4473319;40.408.549.764.339.300;-3.668.127.133.397.620;;;
1 Pista de baloncesto  1 Pista de  futbol sala 2 Pistas de bolos y petanca 2 Pistas de tenis de mesa  Acceso libre.;Consulta los siguientes enlaces.;0;http://www.madrid.es/sites/v/index.jsp?vgnextchannel=bfa48ab43d6bb410VgnVCM100000171f5a0aRCRD&vgnextoid=b91d2b9229db2110VgnVCM1000000b205a0aRCRD;CONCEJO DE TEVERGA;CALLE;V;2;;;;;MADRID;MADRID;28053;1;ENTREVIAS;13;PUENTE DE VALLECAS;442959;4470864;4.038.641.877.802.190;-36.720.437.688.597.200;;;
1 Pista de baloncesto  1 Pista de futbol sala  Acceso libre.;Metro: Miguel Hernandez (linea 1).;0;http://www.madrid.es/sites/v/index.jsp?vgnextchannel=bfa48ab43d6bb410VgnVCM100000171f5a0aRCRD&vgnextoid=3118c53477db2110VgnVCM1000000b205a0aRCRD;MIGUEL HERNANDEZ;AVENIDA;V;11;;frente al 36-38;;;MADRID;MADRID;28038;4;PALOMERAS SURESTE;13;PUENTE DE VALLECAS;446149;4471074;40.388.524.660.163.800;-3.634.474.653.877.760;;;
1 Pista de baloncesto  1 Pista de futbol sala  Tenis de mesa  Acceso libre.;Metro: Antonio Machado (linea 7).;0;http://www.madrid.es/sites/v/index.jsp?vgnextchannel=bfa48ab43d6bb410VgnVCM100000171f5a0aRCRD&vgnextoid=433a7dff2c201110VgnVCM1000000b205a0aRCRD;VALDERROMAN;CALLE;V;22;;;;CUBIERTA DEL P.A.R.;MADRID;MADRID;28035;4;VALDEZARZA;9;MONCLOA-ARAVACA;438815;4480266;40.470.812.884.486.600;-37.217.686.807.231.500;;;
1 Pista de Baloncesto  Acceso libre.;Consulta los siguientes enlaces.;0;http://www.madrid.es/sites/v/index.jsp?vgnextchannel=bfa48ab43d6bb410VgnVCM100000171f5a0aRCRD&vgnextoid=20f7c57598ee0110VgnVCM1000000b205a0aRCRD;ANICETO MARINAS;CALLE;V;106;;;;;MADRID;MADRID;28008;1;CASA DE CAMPO;9;MONCLOA-ARAVACA;437775;4475878;4.043.121.588.404.320;-37.336.179.867.525.600;;;
1 pista de baloncesto  Acceso libre.;Metro: Mar de Cristal (lineas 4 y 8).;2;http://www.madrid.es/sites/v/index.jsp?vgnextchannel=bfa48ab43d6bb410VgnVCM100000171f5a0aRCRD&vgnextoid=8fc5bca369a51110VgnVCM1000000b205a0aRCRD;NEVADO DEL RUIZ;CALLE;V;4;;;;CUBIERTA DEL P.A.R.;MADRID;MADRID;28033;4;PINAR DEL REY;16;HORTALEZA;446151;4480133;4.047.013.231.871.220;-36.352.204.712.386.900;;;
1 Pista de baloncesto  Acceso libre.;Metro: San Francisco , Pan Bendito (linea 11).;0;http://www.madrid.es/sites/v/index.jsp?vgnextchannel=bfa48ab43d6bb410VgnVCM100000171f5a0aRCRD&vgnextoid=a6649adbecef4110VgnVCM1000000b205a0aRCRD;BELZUNEGUI;CALLE;V;2;;;;;MADRID;MADRID;28025;5;PUERTA BONITA;11;CARABANCHEL;437224;4469742;4.037.589.834.672.160;-37.394.865.636.709.600;;;
1 Pista de baloncesto  Acceso libre.;Metro: Pinar de Chamartin (lineas 1 y 4).;0;http://www.madrid.es/sites/v/index.jsp?vgnextchannel=bfa48ab43d6bb410VgnVCM100000171f5a0aRCRD&vgnextoid=be549256c6bed210VgnVCM1000000b205a0aRCRD;CALERUEGA;CALLE;V;52;;;;;MADRID;MADRID;28033;9;COSTILLARES;15;CIUDAD LINEAL;443078;4481370;4.048.107.021.761.230;-36.715.945.896.476.100;;;
1 Pista de baloncesto  Acceso libre.;Metro: Pinar de Chamartin (lineas 1 y 4).;0;http://www.madrid.es/sites/v/index.jsp?vgnextchannel=bfa48ab43d6bb410VgnVCM100000171f5a0aRCRD&vgnextoid=d38cbf66f96fc910VgnVCM200000f921e388RCRD;CALERUEGA;CALLE;V;65;;;;C/V CALLE ARTE;MADRID;MADRID;28033;9;COSTILLARES;15;CIUDAD LINEAL;443124;4481370;404.822.696.515.147;-36.713.623.410.192.000;;;
1 Pista de baloncesto  Acceso libre.;Consulta los siguientes enlaces.;2;http://www.madrid.es/sites/v/index.jsp?vgnextchannel=bfa48ab43d6bb410VgnVCM100000171f5a0aRCRD&vgnextoid=6fad7348de2c2110VgnVCM1000000b205a0aRCRD;IBROS;CALLE;V;3;;;;;MADRID;MADRID;28053;1;ENTREVIAS;13;PUENTE DE VALLECAS;443468;4469685;403.758.356.486.892;-36.659.340.772.744.100;;;
1 pista de baloncesto  Acceso libre.;Consulta los siguientes enlaces.;0;http://www.madrid.es/sites/v/index.jsp?vgnextchannel=bfa48ab43d6bb410VgnVCM100000171f5a0aRCRD&vgnextoid=2cce7ec22b92d910VgnVCM100000891ecb1aRCRD;EZCARAY;CALLE;V;13;;;;;MADRID;MADRID;28032;1;CASCO H.VICALVARO;19;VICALVARO;448051;4473579;4.041.121.744.174.590;-36.122.735.467.207.200;;;
1 Pista de Baloncesto  Acceso libre.;Metro: Aviacion Española (linea 10).  Renfe: Las aguilas (linea C5).;0;http://www.madrid.es/sites/v/index.jsp?vgnextchannel=bfa48ab43d6bb410VgnVCM100000171f5a0aRCRD&vgnextoid=4756f9a1382b2110VgnVCM1000000b205a0aRCRD;FUENTE DE LIMA;CALLE;V;24;;;;;MADRID;MADRID;28024;7;LAS AGUILAS;10;LATINA;433634;4470513;403.825.571.125.298;-37.818.748.425.273.500;;;
1 Pista de baloncesto  Acceso libre.;Cercanias: Maestra Justa Freire-Polideportivo Aluche (linea C5).;0;http://www.madrid.es/sites/v/index.jsp?vgnextchannel=bfa48ab43d6bb410VgnVCM100000171f5a0aRCRD&vgnextoid=70935ad152322110VgnVCM1000000b205a0aRCRD;FUERTE DE NAVIDAD;CALLE;V;11;;;;;MADRID;MADRID;28044;7;LAS AGUILAS;10;LATINA;435046;4470307;4.038.082.264.416.180;-37.651.982.360.697.300;;;
1 Pista de baloncesto  Acceso libre.;Metro: San Lorenzo (linea 4), Parque de Santa Maria (linea 4).;0;http://www.madrid.es/sites/v/index.jsp?vgnextchannel=bfa48ab43d6bb410VgnVCM100000171f5a0aRCRD&vgnextoid=dcd3ced208a51110VgnVCM1000000b205a0aRCRD;ALCOBENDAS;CALLE;V;3;;;;;MADRID;MADRID;28033;4;PINAR DEL REY;16;HORTALEZA;445553;4480683;4.047.505.435.038.130;-3.642.315.547.728.050;;;
1 Pista de Baloncesto  Acceso libre.;Metro: Arturo Soria (linea 4).;1;http://www.madrid.es/sites/v/index.jsp?vgnextchannel=bfa48ab43d6bb410VgnVCM100000171f5a0aRCRD&vgnextoid=1e463c00a6a51110VgnVCM1000000b205a0aRCRD;ULISES;CALLE;V;23;;;;;MADRID;MADRID;28043;3;CANILLAS;16;HORTALEZA;444596;4478732;4.045.739.950.911.600;-36.534.554.216.138.100;;;
1 Pista de baloncesto  Acceso libre.;Metro: Marques de Vadillo (linea 5).;0;http://www.madrid.es/sites/v/index.jsp?vgnextchannel=bfa48ab43d6bb410VgnVCM100000171f5a0aRCRD&vgnextoid=a39181f05ba65110VgnVCM1000000b205a0aRCRD;JULIAN GONZALEZ;CALLE;V;4;;;;;MADRID;MADRID;28019;3;SAN ISIDRO;11;CARABANCHEL;438951;4472255;4.039.866.543.915.770;-37.194.068.014.375.900;;;
1 Pista de baloncesto  Acceso libre.;Metro: La Peseta (linea 11).;0;http://www.madrid.es/sites/v/index.jsp?vgnextchannel=bfa48ab43d6bb410VgnVCM100000171f5a0aRCRD&vgnextoid=12af8ea1ffde8210VgnVCM2000000c205a0aRCRD;MORALES;CALLE;V;37;;;;;MADRID;MADRID;28054;6;BUENAVISTA;11;CARABANCHEL;435051;4468121;4.036.113.339.393.720;-3.764.921.035.479.590;;;
1 Pista de Baloncesto  Acceso libre.;Metro: Pacifico (linea 1 y 6), Conde de Casal (linea 6).;0;http://www.madrid.es/sites/v/index.jsp?vgnextchannel=bfa48ab43d6bb410VgnVCM100000171f5a0aRCRD&vgnextoid=eb98ef23df201110VgnVCM1000000b205a0aRCRD;LUIS MITJANS;CALLE;V;15;;;;;MADRID;MADRID;28007;2;ADELFAS;3;RETIRO;443112;4472520;404.013.474.319.257;-36.703.892.095.738.800;;;
1 Pista de baloncesto  Acceso libre.;Metro: Canillas (linea 4).;1;http://www.madrid.es/sites/v/index.jsp?vgnextchannel=bfa48ab43d6bb410VgnVCM100000171f5a0aRCRD&vgnextoid=b7559d7a55961110VgnVCM1000000b205a0aRCRD;DIONISIO INCA YUPANQUI;CALLE;V;21;;;;;MADRID;MADRID;28043;2;PIOVERA;16;HORTALEZA;446426;4479206;40.461.806.515.582.500;-36.318.944.414.642.600;;;
1 Pista de Baloncesto  Acceso libre.;Metro: Mar de Cristal (linea 4 y 8).;0;http://www.madrid.es/sites/v/index.jsp?vgnextchannel=bfa48ab43d6bb410VgnVCM100000171f5a0aRCRD&vgnextoid=493e5a1006961110VgnVCM1000000b205a0aRCRD;MINAYA;CALLE;V;5;;;;;MADRID;MADRID;28043;3;CANILLAS;16;HORTALEZA;446072;4479932;4.046.831.590.638.320;-36.361.385.381.321.200;;;
1 Pista de Baloncesto  Acceso libre.;Renfe: Maestra Justa Freire - Polideportivo Aluche (linea C5).;0;http://www.madrid.es/sites/v/index.jsp?vgnextchannel=bfa48ab43d6bb410VgnVCM100000171f5a0aRCRD&vgnextoid=0a5916f218ea2110VgnVCM2000000c205a0aRCRD;ANSELMO LORENZO;CALLE;V;11;;;;CUBIERTA P.A.R.;MADRID;MADRID;28044;7;LAS AGUILAS;10;LATINA;434680;4470477;40.382.331.565.862.400;-37.695.303.101.542.000;;;
1 Pista de baloncesto  Acceso libre.;Metro: San Fermin - Orcasur (linea 3).;2;http://www.madrid.es/sites/v/index.jsp?vgnextchannel=bfa48ab43d6bb410VgnVCM100000171f5a0aRCRD&vgnextoid=b094e042bd42d910VgnVCM200000f921e388RCRD;POBLADOS;AVENIDA;V;150;;;;;MADRID;MADRID;28041;1;ORCASITAS;12;USERA;440255;4469158;4.037.086.685.194.910;-370.373.875.306.846;;;
1 Pista de Baloncesto  Acceso libre.;"Metro: Arg&amp;uuml;elles (lineas 3, 4 y 6), Moncloa (lineas 3 y 6).";0;http://www.madrid.es/sites/v/index.jsp?vgnextchannel=bfa48ab43d6bb410VgnVCM100000171f5a0aRCRD&vgnextoid=6612124827ee0110VgnVCM1000000b205a0aRCRD;CAMOENS Y VALERO;PASEO;V;10;;;;;MADRID;MADRID;28008;1;CASA DE CAMPO;9;MONCLOA-ARAVACA;438450;4475815;40.430.697.990.679.300;-3.725.636.612.600.490;;;
1 Pista de baloncesto  Acceso libre.;Consulta los siguientes enlaces.;0;http://www.madrid.es/sites/v/index.jsp?vgnextchannel=bfa48ab43d6bb410VgnVCM100000171f5a0aRCRD&vgnextoid=c72f8645f07ec910VgnVCM100000891ecb1aRCRD;"PEDRO YAG&amp;Uuml;E";CALLE;V;11;;;;CUBIERTA DEL P.A.R.;MADRID;MADRID;28019;1;COMILLAS;11;CARABANCHEL;439905;4471530;4.039.220.559.923.070;-37.080.805.394.338.800;;;
1 Pista de baloncesto  Acceso libre.;Metro: San Francisco , Pan Bendito (linea 11).;0;http://www.madrid.es/sites/v/index.jsp?vgnextchannel=bfa48ab43d6bb410VgnVCM100000171f5a0aRCRD&vgnextoid=3591ab4d19a65110VgnVCM1000000b205a0aRCRD;PIEDRAHITA;CALLE;V;34;;;;;MADRID;MADRID;28025;5;PUERTA BONITA;11;CARABANCHEL;437134;4469861;40.376.964.185.234.300;-37.405.607.728.991.400;;;
1 Pista de baloncesto  Acceso libre.;Metro: El Carmen (linea 5).;0;http://www.madrid.es/sites/v/index.jsp?vgnextchannel=bfa48ab43d6bb410VgnVCM100000171f5a0aRCRD&vgnextoid=51f5dedbe1d91110VgnVCM1000000b205a0aRCRD;JOSE VILLENA;CALLE;V;18;;;;;MADRID;MADRID;28017;1;VENTAS;15;CIUDAD LINEAL;444389;4475740;4.043.044.060.393.370;-3.655.616.767.756.560;;;
1 Pista de baloncesto  Acceso libre.;Consulta los siguientes enlaces.;0;http://www.madrid.es/sites/v/index.jsp?vgnextchannel=bfa48ab43d6bb410VgnVCM100000171f5a0aRCRD&vgnextoid=c891b50d1ddb2110VgnVCM1000000b205a0aRCRD;SAN ANSELMO;CALLE;V;8;;;;;MADRID;MADRID;28018;3;PALOMERAS BAJAS;13;PUENTE DE VALLECAS;444359;4470773;40.385.700.278.633.200;-36.555.409.212.368.400;;;
1 Pista de baloncesto  Acceso libre.;Metro: Urgel (linea 5).;0;http://www.madrid.es/sites/v/index.jsp?vgnextchannel=bfa48ab43d6bb410VgnVCM100000171f5a0aRCRD&vgnextoid=5069b8463aa65110VgnVCM1000000b205a0aRCRD;TULGA;CALLE;V;2;;;;;MADRID;MADRID;28019;3;SAN ISIDRO;11;CARABANCHEL;438138;4471821;4.039.469.849.292.070;-37.289.305.782.038.100;;;
1 Pista de baloncesto  Acceso libre.;Metro: Avenida de la Paz (linea 4).;0;http://www.madrid.es/sites/v/index.jsp?vgnextchannel=bfa48ab43d6bb410VgnVCM100000171f5a0aRCRD&vgnextoid=b477d49f5ec91110VgnVCM1000000b205a0aRCRD;TORRELAGUNA;CALLE;V;121;;;;;MADRID;MADRID;28043;6;SAN JUAN BAUTISTA;15;CIUDAD LINEAL;443973;4478180;40.452.397.268.197.100;-36.607.320.790.967.300;;;
1 Pista de baloncesto  Acceso libre.;Metro: Puerta de Arganda (linea 9).  Renfe: Vicalvaro (lineas C2, C7 y C8).;0;http://www.madrid.es/sites/v/index.jsp?vgnextchannel=bfa48ab43d6bb410VgnVCM100000171f5a0aRCRD&vgnextoid=31663e25c8a51110VgnVCM1000000b205a0aRCRD;GRAN VIA DEL ESTE;AVENIDA;V;14;;;;;MADRID;MADRID;28032;1;CASCO H.VICALVARO;19;VICALVARO;449261;4472465;40.401.249.355.834.800;-35.979.267.062.108.300;;;
1 Pista de baloncesto  Acceso libre.;Metro: Ascao (linea 7), Quintana (linea 5).;0;http://www.madrid.es/sites/v/index.jsp?vgnextchannel=bfa48ab43d6bb410VgnVCM100000171f5a0aRCRD&vgnextoid=9edd9c02f6d91110VgnVCM1000000b205a0aRCRD;VITAL AZA;CALLE;V;10;;;;C/V EZEQUIEL SOLANA. CUBIERTA P.A.R.;MADRID;MADRID;28017;2;PUEBLO NUEVO;15;CIUDAD LINEAL;445315;4475771;4.043.078.332.610.550;-3.644.704.265.233.660;;;
1 pista de baloncesto 1 campo de futbol sala 1 pista polideportiva  Acceso libre.;Consulta los siguientes enlaces.;0;http://www.madrid.es/sites/v/index.jsp?vgnextchannel=bfa48ab43d6bb410VgnVCM100000171f5a0aRCRD&vgnextoid=9c6b7ec22b92d910VgnVCM100000891ecb1aRCRD;MARIO MORENO CANTINFLAS;CALLE;V;22;;;;;MADRID;MADRID;28052;4;EL CAÑAVERAL;19;VICALVARO;452644;4472884;4.040.085.012.437.900;-35.636.530.400.694.200;;;
1 Pista de baloncesto 1 Campo de mini pitch 1 Pista de futbol sala 2 Pistas de tenis de mesa  Acceso libre.;Consulta los siguientes enlaces.;0;http://www.madrid.es/sites/v/index.jsp?vgnextchannel=bfa48ab43d6bb410VgnVCM100000171f5a0aRCRD&vgnextoid=38cf958fac2c2110VgnVCM1000000b205a0aRCRD;ANGEL FRANCES;PLAZA;V;;;;;;MADRID;MADRID;;;;;DISTRITO;444594;4472272;4.039.921.237.379.680;-36.529.003.876.637.300;;;
1 Pista de baloncesto 1 Circuito de bicicletas  Acceso libre.;Metro: Barrio de la Concepcion (linea 7), Quintana (linea 5), El Carmen (linea 5).;0;http://www.madrid.es/sites/v/index.jsp?vgnextchannel=bfa48ab43d6bb410VgnVCM100000171f5a0aRCRD&vgnextoid=598745dbd6891110VgnVCM1000000b205a0aRCRD;VIRGEN DE NURIA;CALLE;V;4;;;;;MADRID;MADRID;28027;4;LA CONCEPCION;15;CIUDAD LINEAL;444590;4476333;4.043.580.006.579.450;-36.532.953.172.963.800;;;
1 Pista de baloncesto 1 Circuito de BMX Pump Track 1 Pista de skate 1 Pista de voleibol  Acceso libre.;Renfe: El Pozo (lineas C2, C7 y C8).;0;http://www.madrid.es/sites/v/index.jsp?vgnextchannel=bfa48ab43d6bb410VgnVCM100000171f5a0aRCRD&vgnextoid=d118833dc03c2110VgnVCM1000000b205a0aRCRD;PUERTO DE BALBARAN;CALLE;V;4;;;;;MADRID;MADRID;28018;3;PALOMERAS BAJAS;13;PUENTE DE VALLECAS;443851;4469966;4.037.839.345.735.440;-3.661.454.951.618.550;;;
1 Pista de baloncesto 1 Pista de balonmano 2 Pistas de bolos y petanca  Acceso controlado.;Consulta los siguientes enlaces.;2;http://www.madrid.es/sites/v/index.jsp?vgnextchannel=bfa48ab43d6bb410VgnVCM100000171f5a0aRCRD&vgnextoid=1cb10d17980e1110VgnVCM1000000b205a0aRCRD;ALBARDIN;CALLE;V;7;;;;C/V CALLE CERRO BLANCO;MADRID;MADRID;28026;6;ZOFIO;12;USERA;439199;4470155;4.037.976.723.848.220;-37.162.665.062.702.100;;;
1 Pista de baloncesto 1 Pista de bolos y petanca 1 Pista de futbol sala 1 Patinaje  Acceso libre.;Metro: Ventilla (linea 9).;2;http://www.madrid.es/sites/v/index.jsp?vgnextchannel=bfa48ab43d6bb410VgnVCM100000171f5a0aRCRD&vgnextoid=64ef3a8c57d91110VgnVCM2000000c205a0aRCRD;VIA LIMITE;CALLE;V;101;;;;PARQUE DE LA VENTILLA;MADRID;MADRID;28029;4;ALMENARA;6;TETUAN;441058;4480541;4.047.345.238.657.350;-3.695.336.575.110.420;;;
1 Pista de baloncesto 1 Pista de bolos y petanca 1 Pista polideportiva 1 Rocodromo   Acceso libre.;Metro: Miguel Hernandez (linea 1).;0;http://www.madrid.es/sites/v/index.jsp?vgnextchannel=bfa48ab43d6bb410VgnVCM100000171f5a0aRCRD&vgnextoid=efde11cae53c8810VgnVCM1000001d4a900aRCRD;CAMPO DE LA PALOMA;JARDiN;T;;;;;;MADRID;MADRID;;;PALOMERAS SURESTE;;PUENTE DE VALLECAS;445213;4470681;40.383.948.585.048.400;-3.643.869.917.365.880;;;
1 Pista de baloncesto 1 Pista de futbol sala  Acceso libre.;Consulta los siguientes enlaces.;0;http://www.madrid.es/sites/v/index.jsp?vgnextchannel=bfa48ab43d6bb410VgnVCM100000171f5a0aRCRD&vgnextoid=225c77f0d8ae1110VgnVCM1000000b205a0aRCRD;GUADALAJARA;AVENIDA;V;9;;;;;MADRID;MADRID;28032;4;ARCOS;20;SAN BLAS-CANILLEJAS;447189;4474396;40.427.223.479.986.000;-36.066.879.690.485.400;;;
1 Pista de Baloncesto 1 Pista de Futbol sala  Acceso libre.;Metro: Conde Casal (linea 6).;0;http://www.madrid.es/sites/v/index.jsp?vgnextchannel=bfa48ab43d6bb410VgnVCM100000171f5a0aRCRD&vgnextoid=bcf31cb097c01110VgnVCM1000000b205a0aRCRD;ANTONIO DIAZ-CAÑABATE;CALLE;V;9;;;;C/V ARIAS MONTANO;MADRID;MADRID;28007;6;NIÑO JESUS;3;RETIRO;442990;4473396;4.040.922.156.877.910;-3.671.905.186.964.670;;;
1 Pista de baloncesto 1 Pista de futbol sala  Acceso libre.;Metro: Suanzes (linea 5).;0;http://www.madrid.es/sites/v/index.jsp?vgnextchannel=bfa48ab43d6bb410VgnVCM100000171f5a0aRCRD&vgnextoid=264d8d498a5e1110VgnVCM1000000b205a0aRCRD;MIGUEL YUSTE;CALLE;V;64;;;;CUBIERTA P.A.R.;MADRID;MADRID;28037;1;SIMANCAS;20;SAN BLAS-CANILLEJAS;447207;4476133;4.043.416.949.316.050;-3.622.424.101.106.470;"91 531 83 07 -    
609 98 08 54";;
1 Pista de baloncesto 1 Pista de futbol sala  Acceso libre.;Metro: Sainz de Baranda (lineas 6 y 9).;0;http://www.madrid.es/sites/v/index.jsp?vgnextchannel=bfa48ab43d6bb410VgnVCM100000171f5a0aRCRD&vgnextoid=541c2de56ac01110VgnVCM1000000b205a0aRCRD;JUAN ESPLANDIU;CALLE;V;4;;;;;MADRID;MADRID;28007;3;ESTRELLA;3;RETIRO;443820;4474147;4.041.604.342.375.630;-3.662.189.960.446.730;;;
1 Pista de baloncesto 1 Pista de futbol sala  Acceso libre.;Consulta los siguientes enlaces.;2;http://www.madrid.es/sites/v/index.jsp?vgnextchannel=bfa48ab43d6bb410VgnVCM100000171f5a0aRCRD&vgnextoid=c8f9626222f61110VgnVCM1000000b205a0aRCRD;PEONIAS;CALLE;V;2;;;;;MADRID;MADRID;28042;1;PALOMAS;16;HORTALEZA;447603;4477959;4.045.063.098.748.490;-36.179.168.085.538.400;;;
1 Pista de baloncesto 1 Pista de futbol sala  Acceso libre.;Metro: Garcia Noblejas (linea 7).;0;http://www.madrid.es/sites/v/index.jsp?vgnextchannel=bfa48ab43d6bb410VgnVCM100000171f5a0aRCRD&vgnextoid=7c825e8f052a1110VgnVCM1000000b205a0aRCRD;LA OROTAVA;PLAZA;V;3;;;;;MADRID;MADRID;28017;2;PUEBLO NUEVO;15;CIUDAD LINEAL;446149;4475907;40.432.061.794.648.500;-36.348.888.546.076.700;;;
1 Pista de baloncesto 1 Pista de futbol sala 1 Pista de patinaje 1 Rocodromo  Acceso libre.;Metro: Hortaleza (linea 4).;2;http://www.madrid.es/sites/v/index.jsp?vgnextchannel=bfa48ab43d6bb410VgnVCM100000171f5a0aRCRD&vgnextoid=a11d575cf5f61110VgnVCM1000000b205a0aRCRD;LUIS BUITRAGO;CALLE;V;7;;;;;MADRID;MADRID;28033;4;PINAR DEL REY;16;HORTALEZA;444805;4480504;40.473.376.533.827.900;-36.511.329.371.430.800;;;
1 Pista de baloncesto 1 Pista de futbol sala 14 Pistas de petanca 8 Pistas de chito  Acceso libre.;Metro: Torre Arias (linea 5).;0;http://www.madrid.es/sites/v/index.jsp?vgnextchannel=bfa48ab43d6bb410VgnVCM100000171f5a0aRCRD&vgnextoid=0e23950eb4ae1110VgnVCM1000000b205a0aRCRD;ESFINGE;CALLE;V;58;;;;CUBIERTA P.A.R.;MADRID;MADRID;28022;7;CANILLEJAS;20;SAN BLAS-CANILLEJAS;448328;4477110;4.044.304.433.513.540;-36.092.932.505.262.000;;;
1 pista de baloncesto 1 pista de futbol-sala  Acceso libre.;Metro: Lacoma (linea 7).;0;http://www.madrid.es/sites/v/index.jsp?vgnextchannel=bfa48ab43d6bb410VgnVCM100000171f5a0aRCRD&vgnextoid=1be011a8111d4310VgnVCM2000000c205a0aRCRD;BRUNETE;CALLE;V;1;;;;;MADRID;MADRID;28048;1;EL PARDO;8;FUENCARRAL-EL PARDO;434449;4485393;40.516.672.960.212.700;-3.773.795.776.219.610;;;
1 Pista de baloncesto 1 Pista de patinaje  Acceso libre.;Metro: Villaverde Bajo Cruce (linea 3).;0;http://www.madrid.es/sites/v/index.jsp?vgnextchannel=bfa48ab43d6bb410VgnVCM100000171f5a0aRCRD&vgnextoid=d1e400f058a61110VgnVCM1000000b205a0aRCRD;SAHARA;CALLE;V;60;;;;;MADRID;MADRID;28041;4;LOS ROSALES;17;VILLAVERDE;441193;4467173;4.035.304.787.629.630;-36.925.005.386.142.700;;;
1 Pista de Baloncesto 1 Pista de Patinaje  Acceso libre.;Metro: Delicias (linea 3).  Renfe: Delicias (lineas C1 y C10).;0;http://www.madrid.es/sites/v/index.jsp?vgnextchannel=bfa48ab43d6bb410VgnVCM100000171f5a0aRCRD&vgnextoid=3bfed95d4a471110VgnVCM1000000b205a0aRCRD;RAMIREZ DE PRADO;CALLE;V;2;;;;;MADRID;MADRID;28045;5;DELICIAS;2;ARGANZUELA;441489;4472308;4.039.927.158.889.710;-36.892.581.804.473.600;;;
1 Pista de baloncesto 1 Pista de patinaje 1 area de calistenia  Acceso libre.;Metro: Usera (linea 6).;2;http://www.madrid.es/sites/v/index.jsp?vgnextchannel=bfa48ab43d6bb410VgnVCM100000171f5a0aRCRD&vgnextoid=13562784040e1110VgnVCM1000000b205a0aRCRD;TORERO;CALLE;V;10;;;;C/V CALLE ANTONIO LoPEZ;MADRID;MADRID;28026;5;MOSCARDO;12;USERA;440056;4471538;40.392.288.550.720.300;-37.063.017.510.914.500;;;
1 Pista de baloncesto 1 Pista polideportiva 2 Pistas de chito 1 Tenis de mesa  Acceso libre.;Metro: Torre Arias (linea 5).;0;http://www.madrid.es/sites/v/index.jsp?vgnextchannel=bfa48ab43d6bb410VgnVCM100000171f5a0aRCRD&vgnextoid=200b97fcc9ae1110VgnVCM1000000b205a0aRCRD;CRONOS;CALLE;V;30;;;;;MADRID;MADRID;28037;1;SIMANCAS;20;SAN BLAS-CANILLEJAS;447530;4476940;4.044.145.923.467.100;-36.186.830.946.943.900;;;
1 Pista de baloncesto 1 Rocodromo  Acceso libre.;Metro: Miguel Hernandez (linea 1).;0;http://www.madrid.es/sites/v/index.jsp?vgnextchannel=bfa48ab43d6bb410VgnVCM100000171f5a0aRCRD&vgnextoid=30645c766bdb2110VgnVCM1000000b205a0aRCRD;"LUIS BU&amp;Ntilde;UEL";CALLE;V;5;;;;;MADRID;MADRID;28018;4;PALOMERAS SURESTE;13;PUENTE DE VALLECAS;445365;4470940;4.038.726.620.117.650;-36.436.968.611.860.600;;;
1 Pista de baloncesto 2 Pistas de futbol sala 1 Pista de tenis de mesa  Acceso libre.;Consulta los siguientes enlaces.;0;http://www.madrid.es/sites/v/index.jsp?vgnextchannel=bfa48ab43d6bb410VgnVCM100000171f5a0aRCRD&vgnextoid=8a5ec69590db2110VgnVCM1000000b205a0aRCRD;FRANCISCO LAGUNA;CALLE;V;26;;;;;MADRID;MADRID;28053;2;SAN DIEGO;13;PUENTE DE VALLECAS;443139;4471317;4.039.051.190.105.730;-3.669.975.407.440.880;;;
1 pista de baloncesto 2 pistas de mini baloncesto 1 campo de futbol sala  Acceso libre.;Consulta los siguientes enlaces.;0;http://www.madrid.es/sites/v/index.jsp?vgnextchannel=bfa48ab43d6bb410VgnVCM100000171f5a0aRCRD&vgnextoid=b16e1c9ea892d910VgnVCM100000891ecb1aRCRD;DIALOGO;CALLE;V;11;;;;;MADRID;MADRID;28052;4;EL CAÑAVERAL;19;VICALVARO;452644;4472884;40.405.226.337.352.100;-355.808.195.863.788;;;
1 Pista de baloncesto 3x3.   Acceso libre.;;2;http://www.madrid.es/sites/v/index.jsp?vgnextchannel=bfa48ab43d6bb410VgnVCM100000171f5a0aRCRD&vgnextoid=6040fb355b3b8810VgnVCM2000001f4a900aRCRD;PABLO RUIZ PICASSO;PLAZA;V;1;;;;;MADRID;MADRID;28020;2;CUATRO CAMINOS;6;TETUAN;441298;4477962;4.045.025.334.832.390;-369.226.701.497.804;;;
1 pista de baloncesto 3x3.  Acceso libre.;Metro: Pan Bendito (linea 11).;0;http://www.madrid.es/sites/v/index.jsp?vgnextchannel=bfa48ab43d6bb410VgnVCM100000171f5a0aRCRD&vgnextoid=583fae81096ec910VgnVCM100000891ecb1aRCRD;CAZALEGAS;CALLE;V;9;;;;;MADRID;MADRID;28025;7;ABRANTES;11;CARABANCHEL;438133;4469672;40.375.340.232.231;-37.287.722.220.834.400;;;
1 Pista de baloncesto cubierta 2 Tenis de mesa  Acceso libre.;Metro: Hortaleza (linea 4).;2;http://www.madrid.es/sites/v/index.jsp?vgnextchannel=bfa48ab43d6bb410VgnVCM100000171f5a0aRCRD&vgnextoid=11609b5eec2b5110VgnVCM1000000b205a0aRCRD;SAN LUIS;AVENIDA;V;23;;;;;MADRID;MADRID;28033;4;PINAR DEL REY;16;HORTALEZA;444436;4480282;4.047.136.038.521.950;-36.554.609.574.613.000;;;
1 Pista de baloncesto cubierta. 1 Pista de futbol sala. 4 Pistas de bolos y petanca. 1 Pista de chito. 1 Pista de patinaje. 1 Calistenia.  Acceso libre.;Consulta los siguientes enlaces.;1;http://www.madrid.es/sites/v/index.jsp?vgnextchannel=bfa48ab43d6bb410VgnVCM100000171f5a0aRCRD&vgnextoid=ea0e707bf0c68810VgnVCM1000001d4a900aRCRD;PLAYA DE BOLNUEVO;CALLE;V;1;;;;;MADRID;MADRID;28042;4;TIMON;21;BARAJAS;449778;4480628;4.047.482.151.403.530;-3.592.469.353.688.280;;;
1 pista de baloncesto y futbol cubierta.  Acceso libre.;Consulta los siguientes enlaces.;1;http://www.madrid.es/sites/v/index.jsp?vgnextchannel=bfa48ab43d6bb410VgnVCM100000171f5a0aRCRD&vgnextoid=bc730297e1bfc910VgnVCM100000891ecb1aRCRD;TOMAS REDONDO;CALLE;V;6;;;;;MADRID;MADRID;28033;6;VALDEFUENTES;16;HORTALEZA;446739;4480189;4.047.067.970.044.650;-36.282.820.266.140.700;;;
1 Pista de baloncesto.  Acceso controlado.;Renfe: Villaverde Bajo (linea C3 y C4).;0;http://www.madrid.es/sites/v/index.jsp?vgnextchannel=bfa48ab43d6bb410VgnVCM100000171f5a0aRCRD&vgnextoid=6912f12fa4f61110VgnVCM1000000b205a0aRCRD;LOS ROSALES;AVENIDA;V;133;;;;;MADRID;MADRID;28021;3;BUTARQUE;17;VILLAVERDE;442482;4466908;403.507.522.003.116;-3.677.296.127.414.190;;;
1 Pista de baloncesto.  Acceso libre.;Metro: Manoteras (linea 4).;2;http://www.madrid.es/sites/v/index.jsp?vgnextchannel=bfa48ab43d6bb410VgnVCM100000171f5a0aRCRD&vgnextoid=4c4d7e93dee61110VgnVCM1000000b205a0aRCRD;ALICUN;CALLE;V;24;;;;;MADRID;MADRID;28033;5;APOSTOL SANTIAGO;16;HORTALEZA;443944;4481187;4.047.947.157.886.460;-36.613.616.462.578.900;;;
1 Pista de baloncesto.  Acceso libre.;Consulta los siguientes enlaces.;0;http://www.madrid.es/sites/v/index.jsp?vgnextchannel=bfa48ab43d6bb410VgnVCM100000171f5a0aRCRD&vgnextoid=061c880b0aab8210VgnVCM2000000c205a0aRCRD;AMERICIO;CALLE;V;2;;;;;MADRID;MADRID;28021;3;BUTARQUE;17;VILLAVERDE;442094;4467591;4.035.687.929.183.760;-3.681.931.321.506.630;;;
1 Pista de baloncesto.  Acceso libre.;Consulta los siguientes enlaces.;2;http://www.madrid.es/sites/v/index.jsp?vgnextchannel=bfa48ab43d6bb410VgnVCM100000171f5a0aRCRD&vgnextoid=88018a43c67c5110VgnVCM1000000b205a0aRCRD;CARMEN RICO GODOY;CALLE;V;48;;;;;MADRID;MADRID;28055;6;VALDEFUENTES;16;HORTALEZA;446120;4481261;4.048.029.487.523.080;-3.635.681.993.987.130;;;
1 pista de baloncesto.  Acceso libre.;Metro: Ciudad de los angeles (linea 3).;0;http://www.madrid.es/sites/v/index.jsp?vgnextchannel=bfa48ab43d6bb410VgnVCM100000171f5a0aRCRD&vgnextoid=ec82e883f8e2d910VgnVCM200000f921e388RCRD;EDUARDO BARREIROS;CALLE;V;63;;;;;MADRID;MADRID;28041;5;ANGELES;17;VILLAVERDE;440529;4468150;4.036.180.108.054.930;-37.004.118.140.524.300;;;
1 pista de baloncesto.  Acceso libre.;Metro: Lacoma (linea 7).;0;http://www.madrid.es/sites/v/index.jsp?vgnextchannel=bfa48ab43d6bb410VgnVCM100000171f5a0aRCRD&vgnextoid=989d6ddd521d4310VgnVCM2000000c205a0aRCRD;ARROYO DEL MONTE;CALLE;V;5;;;;;MADRID;MADRID;28049;2;FUENTELARREINA;8;FUENCARRAL-EL PARDO;437683;4481905;404.855.081.729.451;-3.735.278.975.476.500;;;
1 Pista de baloncesto.  Acceso libre.;Metro: Vinateros (linea 9).;0;http://www.madrid.es/sites/v/index.jsp?vgnextchannel=bfa48ab43d6bb410VgnVCM100000171f5a0aRCRD&vgnextoid=0bdbc9ba6f391110VgnVCM2000000c205a0aRCRD;DOCTOR GARCIA TAPIA;AVENIDA;V;53;;;;;MADRID;MADRID;28030;3;MARROQUINA;14;MORATALAZ;445210;4473677;4.041.191.880.823.880;-36.457.556.113.726.200;;;
1 pista de baloncesto.  Acceso libre.;Metro: Lacoma (linea 7).;0;http://www.madrid.es/sites/v/index.jsp?vgnextchannel=bfa48ab43d6bb410VgnVCM100000171f5a0aRCRD&vgnextoid=4e76446a13a05310VgnVCM1000000b205a0aRCRD;RAMON GOMEZ DE LA SERNA;CALLE;V;141;;;;;MADRID;MADRID;28035;3;PEÑA GRANDE;8;FUENCARRAL-EL PARDO;438537;4481635;4.048.313.438.344.310;-37.251.739.237.400.200;;;
1 pista de baloncesto.  Acceso libre.;Consulta los siguientes enlaces.;0;http://www.madrid.es/sites/v/index.jsp?vgnextchannel=bfa48ab43d6bb410VgnVCM100000171f5a0aRCRD&vgnextoid=28eee2a35f6fc910VgnVCM200000f921e388RCRD;SAN LAMBERTO;CALLE;V;20;;;;CUBIERTA DE P.A.R.;MADRID;MADRID;28017;1;VENTAS;15;CIUDAD LINEAL;444751;4474714;4.042.122.371.706.220;-3.651.266.122.696.060;;;
1 Pista de baloncesto.  Acceso libre.;Consulta los siguientes enlaces.;0;http://www.madrid.es/sites/v/index.jsp?vgnextchannel=bfa48ab43d6bb410VgnVCM100000171f5a0aRCRD&vgnextoid=0b051334e3d91110VgnVCM1000000b205a0aRCRD;ASUNCION PEREZ VIZCAINO;CALLE;V;3;;;;PARQUE EL CEDRAL;MADRID;MADRID;28033;8;ATALAYA;15;CIUDAD LINEAL;443566;4479376;4.046.314.490.944.140;-3.665.646.115.180.060;;;
1 Pista de baloncesto.  Acceso libre.;Metro: Villaverde Alto (linea 3).  Renfe: Villaverde Alto (linea C4 y C5).;0;http://www.madrid.es/sites/v/index.jsp?vgnextchannel=bfa48ab43d6bb410VgnVCM100000171f5a0aRCRD&vgnextoid=29c23deb08ab8210VgnVCM2000000c205a0aRCRD;SAN AURELIANO;CALLE;V;9;;;;CUBIERTA P.A.R.;MADRID;MADRID;28021;1;VILLAVERDE ALTO C.H.;17;VILLAVERDE;439205;4466036;4.034.265.960.435.540;-3.715.807.817.260.080;;;
1 pista de baloncesto.  Acceso libre.;Metro: Principe Pio (lineas 6, 10 y R).  Renfe: Principe Pio (lineas C1, C7 y C10).;0;http://www.madrid.es/sites/v/index.jsp?vgnextchannel=bfa48ab43d6bb410VgnVCM100000171f5a0aRCRD&vgnextoid=7e4d0781c2a1d910VgnVCM200000f921e388RCRD;SAN POL DE MAR;CALLE;V;15;;;;;MADRID;MADRID;28008;1;CASA DE CAMPO;9;MONCLOA-ARAVACA;438305;4474997;4.042.331.959.834.500;-3.727.271.896.252.180;;;
1 Pista de baloncesto. 1 Campo de futbol 7 (de tierra). 3 Pistas de petanca. 1 Pista de patinaje.  Acceso libre.;Metro: Barajas (linea 8).;1;http://www.madrid.es/sites/v/index.jsp?vgnextchannel=bfa48ab43d6bb410VgnVCM100000171f5a0aRCRD&vgnextoid=acda62a9470e1110VgnVCM1000000b205a0aRCRD;ALHAURIN;CALLE;V;6;;;;;MADRID;MADRID;28042;4;TIMON;21;BARAJAS;450357;4480479;4.047.351.067.334.560;-3.585.649.589.064.370;;;
1 Pista de baloncesto. 1 Tenis de Mesa  Acceso libre.;Metro: Usera (linea 6).;2;http://www.madrid.es/sites/v/index.jsp?vgnextchannel=bfa48ab43d6bb410VgnVCM100000171f5a0aRCRD&vgnextoid=2ca8207c4a4e1110VgnVCM1000000b205a0aRCRD;MATILDE GAYO;CALLE;V;4;;;;CUBIERTA P.A.R.;MADRID;MADRID;28026;5;MOSCARDO;12;USERA;440347;4471275;4.038.993.834.608.830;-3.702.854.085.952.850;;;
1 Pista de baloncesto. 2 Pistas de bolos y petanca. 1 Pista de patinaje Tenis de mesa  Acceso libre.;Metro: Puente de Vallecas (linea 1).;0;http://www.madrid.es/sites/v/index.jsp?vgnextchannel=bfa48ab43d6bb410VgnVCM100000171f5a0aRCRD&vgnextoid=965a3906b2f0b210VgnVCM2000000c205a0aRCRD;CERRO NEGRO;CALLE;V;5;;;;c/v ARREGUI Y ARUEJ, 3;MADRID;MADRID;28007;2;ADELFAS;3;RETIRO;443006;4471999;40.396.646.655.094.300;-3.671.603.413.540.550;;;
1 Pista de Baloncesto. Acceso libre.;Metro: Acacias , Piramides (linea 5).  Renfe: Embajadores (linea C5).;0;http://www.madrid.es/sites/v/index.jsp?vgnextchannel=bfa48ab43d6bb410VgnVCM100000171f5a0aRCRD&vgnextoid=c9f1e55ea6471110VgnVCM1000000b205a0aRCRD;GASOMETRO;CALLE;V;32;;;;C/V VALLEJO NaJERA;MADRID;MADRID;28005;2;ACACIAS;2;ARGANZUELA;439917;4472655;4.040.233.909.331.510;-37.080.621.422.210.900;;;
1 Pista de Baloncesto. Acceso libre.;Metro: Mendez alvaro (linea 6).  Renfe: Mendez alvaro (lineas C1, C5, C7 y C10).;0;http://www.madrid.es/sites/v/index.jsp?vgnextchannel=bfa48ab43d6bb410VgnVCM100000171f5a0aRCRD&vgnextoid=bcceaba3b9194110VgnVCM1000000b205a0aRCRD;EROS;CALLE;V;6;;;;;MADRID;MADRID;28045;4;LEGAZPI;2;ARGANZUELA;442278;4471658;4.039.352.590.492.840;-36.801.309.337.036.400;;;
1 Pista de baloncesto. Acceso libre.;Metro: Delicias (linea 3 y 6).  Renfe: Delicias (linea C1 y C10).;0;http://www.madrid.es/sites/v/index.jsp?vgnextchannel=bfa48ab43d6bb410VgnVCM100000171f5a0aRCRD&vgnextoid=13ff1263d5d84110VgnVCM1000000b205a0aRCRD;JUAN DE VERA;CALLE;V;17;;;;;MADRID;MADRID;28045;5;DELICIAS;2;ARGANZUELA;441225;4472010;4.039.662.773.873.160;-36.925.754.236.948.600;;;
1 Pista de futbol sala 1 Pista de baloncesto  Acceso libre.;Metro: Almendrales (linea 3).;2;http://www.madrid.es/sites/v/index.jsp?vgnextchannel=bfa48ab43d6bb410VgnVCM100000171f5a0aRCRD&vgnextoid=13fb8bbd894e1110VgnVCM1000000b205a0aRCRD;ANTONIO LOPEZ;CALLE;V;189;;;;C/V CALLE VADO;MADRID;MADRID;28026;4;ALMENDRALES;12;USERA;440892;4470808;4.038.577.423.271.840;-36.963.840.837.570.100;;;
1 Pista de futbol sala 1 Pista de baloncesto 1 Pista BMX Flatland 1 Pista Skate   Acceso libre.;Consulta los siguientes enlaces.;0;http://www.madrid.es/sites/v/index.jsp?vgnextchannel=bfa48ab43d6bb410VgnVCM100000171f5a0aRCRD&vgnextoid=000ebea9e0d91110VgnVCM1000000b205a0aRCRD;CONDESA DE VENADITO;CALLE;V;5;;;;;MADRID;MADRID;28027;5;SAN PASCUAL;15;CIUDAD LINEAL;444597;4477342;4.044.489.012.074.590;-36.533.037.240.521.200;;;
1 Pista de futbol sala 1 Pista de baloncesto 1 Pista de patinaje  Acceso libre.;Metro: Barrio de la Concepcion (linea 7).;0;http://www.madrid.es/sites/v/index.jsp?vgnextchannel=bfa48ab43d6bb410VgnVCM100000171f5a0aRCRD&vgnextoid=9d2677e116d91110VgnVCM1000000b205a0aRCRD;BATERIAS;CALLE;V;6;;;;;MADRID;MADRID;28027;4;LA CONCEPCION;15;CIUDAD LINEAL;444985;4476948;4.044.137.028.368.940;-36.486.988.769.231.000;;;
1 Pista de futbol sala 1 Pista de baloncesto 3 Pistas de bolos y petanca  Acceso libre.;Metro: Barajas (linea 8).;1;http://www.madrid.es/sites/v/index.jsp?vgnextchannel=bfa48ab43d6bb410VgnVCM100000171f5a0aRCRD&vgnextoid=d67d5c51350e1110VgnVCM1000000b205a0aRCRD;ALAS;CALLE;V;2;;;;;MADRID;MADRID;28042;4;TIMON;21;BARAJAS;450428;4480316;40.472.046.513.237.700;-35.847.993.053.542.300;;;
1 Pista de futbol sala 1 Pista de baloncesto.  Acceso libre.;Metro: Alfonso XIII (linea 4).;2;http://www.madrid.es/sites/v/index.jsp?vgnextchannel=bfa48ab43d6bb410VgnVCM100000171f5a0aRCRD&vgnextoid=c9e6df1554291110VgnVCM1000000b205a0aRCRD;SANTA HORTENSIA;CALLE;V;34;;;;;MADRID;MADRID;28002;2;PROSPERIDAD;5;CHAMARTIN;443605;4477227;40.443.784.076.908.200;-36.650.091.208.692.900;;;
1 Pista de futbol sala 1 Pista de balonmano 1 Pista de mini-baloncesto  Acceso libre.;Metro: Feria de Madrid (linea 8).  Servicio Bicimad, para consultar la estacion mas cercana, acceda al mapa de geolocalizacion de las estaciones.;1;http://www.madrid.es/sites/v/index.jsp?vgnextchannel=bfa48ab43d6bb410VgnVCM100000171f5a0aRCRD&vgnextoid=ad9f4210cf14c910VgnVCM200000f921e388RCRD;JUAN CARLOS I;AUDITORIO;T;;;;;;MADRID;MADRID;;;;;DISTRITO;448687;4478652;4.045.695.095.741.200;-36.051.887.013.296.000;;;
1 Pista de futbol sala 2 Pista de baloncesto   Acceso libre.;Metro: Ascao (linea 7).;0;http://www.madrid.es/sites/v/index.jsp?vgnextchannel=bfa48ab43d6bb410VgnVCM100000171f5a0aRCRD&vgnextoid=bca91c7eebad1110VgnVCM1000000b205a0aRCRD;FRANCISCO RIOJA;CALLE;V;15;;;;;MADRID;MADRID;28017;2;PUEBLO NUEVO;15;CIUDAD LINEAL;445836;4475710;40.430.272.920.160.400;-3.638.560.091.365.860;;;
1 Pista de futbol sala 2 Pistas de baloncesto  Acceso libre.;Metro: Ventas (linea 2 y 5), El Carmen (linea 5).;0;http://www.madrid.es/sites/v/index.jsp?vgnextchannel=bfa48ab43d6bb410VgnVCM100000171f5a0aRCRD&vgnextoid=70b945dbd6891110VgnVCM1000000b205a0aRCRD;ANTONIO PIRALA;CALLE;V;6;;;;CUBIERTA P.A.R.;MADRID;MADRID;28017;1;VENTAS;15;CIUDAD LINEAL;444053;4475579;4.042.897.434.131.810;-3.659.567.913.327.570;;;
1 Pista de futbol sala 2 Pistas de baloncesto 1 Pista de voleibol  Acceso libre.;Consulta los siguientes enlaces.;0;http://www.madrid.es/sites/v/index.jsp?vgnextchannel=bfa48ab43d6bb410VgnVCM100000171f5a0aRCRD&vgnextoid=eba13c5ea1db2110VgnVCM1000000b205a0aRCRD;HERMANOS TRUEBA;CALLE;V;30;;;;;MADRID;MADRID;28018;3;PALOMERAS BAJAS;13;PUENTE DE VALLECAS;443772;4470777;4.038.569.029.812.830;-36.624.581.249.928.800;;;
1 Pista de futbol sala 2 Pistas de baloncesto 5 Pistas de petanca Skatepark  Acceso libre.;Metro: Simancas (linea 7).;0;http://www.madrid.es/sites/v/index.jsp?vgnextchannel=bfa48ab43d6bb410VgnVCM100000171f5a0aRCRD&vgnextoid=d0822414d35e1110VgnVCM1000000b205a0aRCRD;AJOFRIN;CALLE;V;2;;;;;MADRID;MADRID;28037;3;AMPOSTA;20;SAN BLAS-CANILLEJAS;446962;4475166;4.042.544.195.258.690;-3.625.234.065.727.190;;;
1 Pista de futbol sala cubierta. 1 Pista de baloncesto cubierta. Vestuarios.  Acceso controlado.;Metro: Barajas (linea 8).;1;http://www.madrid.es/sites/v/index.jsp?vgnextchannel=bfa48ab43d6bb410VgnVCM100000171f5a0aRCRD&vgnextoid=52e3b49e430e1110VgnVCM1000000b205a0aRCRD;ORION;CALLE;V;52;;;;;MADRID;MADRID;28042;3;CASCO H.BARAJAS;21;BARAJAS;450837;4480780;4.047.625.087.283.370;-3.579.998.848.197.840;;;
1 Pista de futbol sala cubierta. 1 Pista de baloncesto.  Acceso libre.;Metro: Alameda de Osuna (linea 5).;1;http://www.madrid.es/sites/v/index.jsp?vgnextchannel=bfa48ab43d6bb410VgnVCM100000171f5a0aRCRD&vgnextoid=5cfca5b6020e1110VgnVCM1000000b205a0aRCRD;RIAÑO;CALLE;V;1;;;;;MADRID;MADRID;28042;1;ALAMEDA DE OSUNA;21;BARAJAS;450877;4479114;4.046.124.483.748.550;-35.794.097.699.469.800;;;
1 Pista de futbol sala cubierto 2 Pistas de baloncesto  Acceso libre.;Metro: Buenos Aires (linea 1).;0;http://www.madrid.es/sites/v/index.jsp?vgnextchannel=bfa48ab43d6bb410VgnVCM100000171f5a0aRCRD&vgnextoid=40a294617fcb2110VgnVCM1000000b205a0aRCRD;TOSSA;CALLE;V;3;;;;;MADRID;MADRID;28038;5;PORTAZGO;13;PUENTE DE VALLECAS;445057;4471818;4.039.515.494.314.140;-3.647.405.921.849.060;;;
1 Pista de futbol sala. 1 Pista de baloncesto. 1 Calistenia. 1 Circuito para mayores-salud. 1 Pista de petanca. 2 Mesas de Tenis mesa.  Acceso libre.;Metro: El Capricho , Alameda de Osuna (linea 5).;1;http://www.madrid.es/sites/v/index.jsp?vgnextchannel=bfa48ab43d6bb410VgnVCM100000171f5a0aRCRD&vgnextoid=43ea70af27fd1110VgnVCM1000000b205a0aRCRD;MEDINA DE POMAR;CALLE;V;1;;;;;MADRID;MADRID;28042;2;AEROPUERTO;21;BARAJAS;450444;4478002;4.045.120.159.850.760;-35.844.180.853.262.800;;;
1 Pista de patinaje 1 Pista de baloncesto  Acceso libre.;Metro: Estrella (linea 9).;0;http://www.madrid.es/sites/v/index.jsp?vgnextchannel=bfa48ab43d6bb410VgnVCM100000171f5a0aRCRD&vgnextoid=428ac1f812491110VgnVCM2000000c205a0aRCRD;RAMON ARECES;CALLE;V;1;;;;C/V CORREGIDOR DIEGO VALDERRaBANO;MADRID;MADRID;28030;5;FONTARRON;14;MORATALAZ;443793;4473253;4.040.799.695.992.160;-36.624.292.972.075.200;;;
1 pista de patinaje y hockey sobre patines. 1 pista polideportiva de baloncesto (sin medidas reglamentarias) y voleibol. 1 zona de calistenia. 1 zona de juegos infantiles.  Acceso libre.;Metro: Atocha Renfe, Menendez Pelayo (linea 1).  Renfe: Atocha (todas las lineas de cercanias).;0;http://www.madrid.es/sites/v/index.jsp?vgnextchannel=bfa48ab43d6bb410VgnVCM100000171f5a0aRCRD&vgnextoid=b431d9ba71d01110VgnVCM1000000b205a0aRCRD;POETA ESTEBAN DE VILLEGAS;CALLE;V;4;;;;CUBIERTA DEL P.A.R.;MADRID;MADRID;28014;5;LOS JERONIMOS;3;RETIRO;442039;4473351;4.040.875.051.210.090;-3.683.108.580.090.560;;;
1 Pista Futbol-Sala 1 Pista Baloncesto  Acceso libre.;Metro: Fuencarral (linea 10).;0;http://www.madrid.es/sites/v/index.jsp?vgnextchannel=bfa48ab43d6bb410VgnVCM100000171f5a0aRCRD&vgnextoid=014067d014f05310VgnVCM1000000b205a0aRCRD;LLANO CASTELLANO;AVENIDA;V;1;;;;;MADRID;MADRID;28034;6;VALVERDE;8;FUENCARRAL-EL PARDO;441989;4481693;40.483.895.554.775.700;-36.844.715.393.162.700;;;
1 Pista polideportiva (con marcajes de futbol sala, tenis y baloncesto)  Acceso libre.;Consulta los siguientes enlaces.;0;http://www.madrid.es/sites/v/index.jsp?vgnextchannel=bfa48ab43d6bb410VgnVCM100000171f5a0aRCRD&vgnextoid=59b6957e54ae1110VgnVCM1000000b205a0aRCRD;INVIERNO;AVENIDA;V;1;;;;;MADRID;MADRID;28022;6;REJAS;20;SAN BLAS-CANILLEJAS;451093;4477158;40.443.627.672.731.200;-3.576.711.464.888.380;;;
1 Pista polideportiva (marcaje de baloncesto y voleibol). 1 Pista de bolos y petanca.  Acceso libre.;Metro: Barajas (linea 8).;1;http://www.madrid.es/sites/v/index.jsp?vgnextchannel=bfa48ab43d6bb410VgnVCM100000171f5a0aRCRD&vgnextoid=50e8afe6d20e1110VgnVCM1000000b205a0aRCRD;TIMON;CALLE;V;16;;;;;MADRID;MADRID;28042;4;TIMON;21;BARAJAS;450343;4480383;40.472.636.002.948.700;-3.585.807.144.623.960;;;
1 Pista polideportiva (marcajes de baloncesto y voleibol).  Acceso libre.;Metro: Alameda de Osuna (linea 5).;1;http://www.madrid.es/sites/v/index.jsp?vgnextchannel=bfa48ab43d6bb410VgnVCM100000171f5a0aRCRD&vgnextoid=1f15c4dfc1bd1110VgnVCM1000000b205a0aRCRD;JOAQUIN IBARRA;CALLE;V;8;;;;FRENTE AL NuMERO 24;MADRID;MADRID;28042;1;ALAMEDA DE OSUNA;21;BARAJAS;449683;4478978;40.459.939.211.411.800;-35.934.812.403.258.600;;;
1 Pista polideportiva 1 Campo de baloncesto 1 Pista de patinaje 1 Pista de petanca  Acceso libre.;Metro: La Peseta (linea 11).;0;http://www.madrid.es/sites/v/index.jsp?vgnextchannel=bfa48ab43d6bb410VgnVCM100000171f5a0aRCRD&vgnextoid=18bad4e69dde8210VgnVCM2000000c205a0aRCRD;LONJA DE LA SEDA;CALLE;V;32;;;;;MADRID;MADRID;28054;6;BUENAVISTA;11;CARABANCHEL;435265;4468657;4.036.596.587.926.960;-37.624.612.731.090.200;;;
1 Pista Polideportiva 1 Pista Baloncesto  Acceso libre.;Consulta los siguientes enlaces.;0;http://www.madrid.es/sites/v/index.jsp?vgnextchannel=bfa48ab43d6bb410VgnVCM100000171f5a0aRCRD&vgnextoid=cee3f106d5835310VgnVCM1000000b205a0aRCRD;VENTISQUERO DE LA CONDESA;AVENIDA;V;47;;;;;MADRID;MADRID;28035;7;MIRASIERRA;8;FUENCARRAL-EL PARDO;439396;4481704;404.940.544.606.038;-37.178.162.399.124.200;;;
1 Pista polideportiva 1 Pista baloncesto  Acceso libre.;Consulta los siguientes enlaces.;0;http://www.madrid.es/sites/v/index.jsp?vgnextchannel=bfa48ab43d6bb410VgnVCM100000171f5a0aRCRD&vgnextoid=a223e08340d35310VgnVCM2000000c205a0aRCRD;PRUNOS;AVENIDA;V;100;;;;;MADRID;MADRID;28042;1;PALOMAS;16;HORTALEZA;447600;4478339;40.454.070.707.473.500;-36.179.726.170.504.600;;;
1 Pista Polideportiva 1 Pista de Baloncesto  Acceso libre.;Metro: Embajadores , Lavapies (linea 3).  Renfe: Embajadores (linea C5).;0;http://www.madrid.es/sites/v/index.jsp?vgnextchannel=bfa48ab43d6bb410VgnVCM100000171f5a0aRCRD&vgnextoid=6739309c9bc91110VgnVCM2000000c205a0aRCRD;EMBAJADORES;CALLE;V;68;;;;;MADRID;MADRID;28012;2;EMBAJADORES;1;CENTRO;440311;4473099;4.040.637.302.823.680;-37.034.397.413.317.400;;;
1 Pista polideportiva 1 Pista de baloncesto 1 Pista de petanca  Acceso libre.;Consulta los siguientes enlaces.;0;http://www.madrid.es/sites/v/index.jsp?vgnextchannel=bfa48ab43d6bb410VgnVCM100000171f5a0aRCRD&vgnextoid=a0d5dc38d4884110VgnVCM1000000b205a0aRCRD;BOADILLA DEL MONTE;CARRETERA;V;22;;;;;MADRID;MADRID;28024;5;CAMPAMENTO;10;LATINA;434937;4472307;4.039.929.171.006.660;-37.708.363.231.636.200;;;
1 Pista polideportiva 2 Pistas de baloncesto 1 Pista de voleibol 1 Pista de patinaje  Acceso libre.;Metro: San Blas (linea 7).;0;http://www.madrid.es/sites/v/index.jsp?vgnextchannel=bfa48ab43d6bb410VgnVCM100000171f5a0aRCRD&vgnextoid=352e8c86d45e1110VgnVCM1000000b205a0aRCRD;ARCOS DE JALON;CALLE;V;114;;;;CALLE ALBERICIA;MADRID;MADRID;28037;4;ARCOS;20;SAN BLAS-CANILLEJAS;447752;4475031;404.242.765.757.125;-3.615.912.638.187.470;;;
1 Pista polideportiva cubierta (con marcajes de baloncesto, futbol sala y balonmano) 1 Tenis de mesa  Acceso controlado.;Metro: Parque de las Avenidas (linea 7).;1;http://www.madrid.es/sites/v/index.jsp?vgnextchannel=bfa48ab43d6bb410VgnVCM100000171f5a0aRCRD&vgnextoid=9386395961e4f010VgnVCM2000000c205a0aRCRD;BOSTON;CALLE;V;1;;;;CUBIERTA DEL P.A.R.;MADRID;MADRID;28028;4;GUINDALERA;4;SALAMANCA;443456;4476508;4.043.729.691.048.290;-36.666.902.012.771.700;;;cdbreogan@gmail.com
1 Pista polideportiva. 1 Pista de baloncesto. 1 Pista de petanca.  Acceso libre.;Metro: Villaverde Bajo Cruce (linea 3).;0;http://www.madrid.es/sites/v/index.jsp?vgnextchannel=bfa48ab43d6bb410VgnVCM100000171f5a0aRCRD&vgnextoid=9d79c83035e61110VgnVCM1000000b205a0aRCRD;SANTA PETRONILA;CALLE;V;21;;;;;MADRID;MADRID;28021;4;LOS ROSALES;17;VILLAVERDE;441219;4466649;40.348.330.169.939.600;-3.692.150.371.389.010;;;
1 Pista polivalente 1 Circuito de vida 1 Pista de voleibol 2 Tenis de mesa 1 Pista de baloncesto 1 Zona de calistenia 2 Pistas de pickleball  Acceso controlado.;Consulta los siguientes enlaces.;2;http://www.madrid.es/sites/v/index.jsp?vgnextchannel=bfa48ab43d6bb410VgnVCM100000171f5a0aRCRD&vgnextoid=d0beca5e1b09a910VgnVCM100000891ecb1aRCRD;GAINZA;CALLE;V;14;;;;;MADRID;MADRID;28041;1;ORCASITAS;12;USERA;438958;4469227;4.037.139.145.339.880;-37.190.140.936.563.700;;;
1 pistas de baloncesto  Acceso libre.;Metro: Ciudad de los angeles (linea 3).;0;http://www.madrid.es/sites/v/index.jsp?vgnextchannel=bfa48ab43d6bb410VgnVCM100000171f5a0aRCRD&vgnextoid=d9ad0dd03ee2d910VgnVCM200000f921e388RCRD;LA PICARA MOLINERA;CALLE;V;29;;;;;MADRID;MADRID;28041;5;ANGELES;17;VILLAVERDE;440401;4467559;403.564.703.227.576;-3.701.862.268.413.610;;;
1 Pistas de baloncesto 1 Pista de baloncesto 3x3 1 Pista de futbol sala Tenis de mesa  Acceso libre.;Consulta los siguientes enlaces.;0;http://www.madrid.es/sites/v/index.jsp?vgnextchannel=bfa48ab43d6bb410VgnVCM100000171f5a0aRCRD&vgnextoid=3a23f1d46adf0110VgnVCM1000000b205a0aRCRD;ARROYO DE POZUELO;CALLE;V;10;;;;;MADRID;MADRID;28023;7;ARAVACA;9;MONCLOA-ARAVACA;434463;4478158;40.451.500.510.488.500;-3.772.885.180.717.080;;;
2 Campos de futbol (de tierra) 1 Pista de baloncesto 1 Pista de futbol sala 1 Pista polideportiva (1 baloncesto y 4 voleibol) Tenis de mesa  Acceso controlado.;Metro: Laguna (linea 6).  Renfe: Laguna (linea C5).;0;http://www.madrid.es/sites/v/index.jsp?vgnextchannel=bfa48ab43d6bb410VgnVCM100000171f5a0aRCRD&vgnextoid=bc2abbcdb9902110VgnVCM1000000b205a0aRCRD;ALHAMBRA;CALLE;V;35;;;;;MADRID;MADRID;28047;1;LOS CARMENES;10;LATINA;436875;4472140;4.039.746.568.039.030;-3.743.856.743.935.340;;;
2 Campos de futbol 2 Pistas de baloncesto 1 Pista de hockey patines  Acceso libre.;Metro: Abrantes , Pan Bendito (linea 11).;0;http://www.madrid.es/sites/v/index.jsp?vgnextchannel=bfa48ab43d6bb410VgnVCM100000171f5a0aRCRD&vgnextoid=2389d2c08ae71110VgnVCM1000000b205a0aRCRD;VIA LUSITANA;CALLE;V;19;;;;PARQUE SUR;MADRID;MADRID;28025;7;ABRANTES;11;CARABANCHEL;438143;4469914;4.037.751.706.497.490;-37.286.883.543.217.800;;;
2 Campos de futbol 4 Pistas de baloncesto 1 Circuito de bicicletas  Acceso libre.;Metro: Vicalvaro (linea 9).;0;http://www.madrid.es/sites/v/index.jsp?vgnextchannel=bfa48ab43d6bb410VgnVCM100000171f5a0aRCRD&vgnextoid=6f683e25c8a51110VgnVCM1000000b205a0aRCRD;DAROCA;AVENIDA;V;299;;;;;MADRID;MADRID;28032;1;CASCO H.VICALVARO;19;VICALVARO;447598;4473438;4.040.991.261.985.780;-36.175.993.909.165.400;;;
2 Pista de baloncesto  Acceso controlado.;Metro: Nueva Numancia (linea 1).;0;http://www.madrid.es/sites/v/index.jsp?vgnextchannel=bfa48ab43d6bb410VgnVCM100000171f5a0aRCRD&vgnextoid=c73894617fcb2110VgnVCM1000000b205a0aRCRD;PUERTO DEL MONASTERIO;CALLE;V;17;;;;CUBIERTA P.A.R.;MADRID;MADRID;28053;2;SAN DIEGO;13;PUENTE DE VALLECAS;443662;4471752;4.039.446.617.270.600;-3.663.852.045.873.060;;;
2 pista de baloncesto 1 circuito de vida 1 campo de futbol sala 1 pista de skate 1 parque de calistenia  Acceso libre.;Consulta los siguientes enlaces.;0;http://www.madrid.es/sites/v/index.jsp?vgnextchannel=bfa48ab43d6bb410VgnVCM100000171f5a0aRCRD&vgnextoid=34627f42efd85110VgnVCM1000000b205a0aRCRD;FUENTE CARRANTONA;CALLE;V;61;;;;;MADRID;MADRID;28030;3;MARROQUINA;14;MORATALAZ;446635;4473699;4.041.220.664.353.710;-3.628.972.354.235.780;;;
2 Pista de baloncesto 1 Pista de Futbol-Sala  Acceso libre.;Consulta los siguientes enlaces.;0;http://www.madrid.es/sites/v/index.jsp?vgnextchannel=bfa48ab43d6bb410VgnVCM100000171f5a0aRCRD&vgnextoid=505e9e6f97915310VgnVCM2000000c205a0aRCRD;OLESA DE MONTSERRAT;CALLE;V;1;;;;;MADRID;MADRID;28034;6;VALVERDE;8;FUENCARRAL-EL PARDO;441190;4482492;40.491.053.252.936.300;-36.939.606.309.123.900;;;
2 Pistas baloncesto 1 Pista fubol-sala  Acceso libre.;Metro: Pavones, Vinateros (linea 9).;0;http://www.madrid.es/sites/v/index.jsp?vgnextchannel=bfa48ab43d6bb410VgnVCM100000171f5a0aRCRD&vgnextoid=e812bcfa0b606310VgnVCM1000000b205a0aRCRD;DOCTOR GARCIA TAPIA;AVENIDA;V;76;;;;;MADRID;MADRID;28030;3;MARROQUINA;14;MORATALAZ;444743;4473697;4.041.206.030.334.080;-36.512.840.783.264.400;;;
2 Pistas baloncesto 1 Pista fubol-sala  Acceso libre.;Metro: Pavones (linea 9).;0;http://www.madrid.es/sites/v/index.jsp?vgnextchannel=bfa48ab43d6bb410VgnVCM100000171f5a0aRCRD&vgnextoid=945663952e391110VgnVCM2000000c205a0aRCRD;LUIS DE HOYOS SAINZ;CALLE;V;150;;;;;MADRID;MADRID;28030;1;PAVONES;14;MORATALAZ;446197;4472651;4.040.272.360.732.880;-36.340.475.890.184.500;;;
2 Pistas de   baloncesto  2 Pistas polideportivas 3 Tenis de mesa  Acceso libre.;Metro: Valdezarza (linea 7).;2;http://www.madrid.es/sites/v/index.jsp?vgnextchannel=bfa48ab43d6bb410VgnVCM100000171f5a0aRCRD&vgnextoid=cbf0dfd39c794110VgnVCM1000000b205a0aRCRD;VILLAAMIL;CALLE;V;90;;;;;MADRID;MADRID;28039;5;VALDEACEDERAS;6;TETUAN;439758;4479728;40.466.049.841.127.300;-3.710.592.353.303.040;;;
2 Pistas de baloncesto  1 Pista de basquet 3X3 1 Pista de mini basket 1 Pista polideportiva 4 Pistas de tenis de mesa   Acceso libre.;Metro: Hospital Doce de Octubre (linea 3).;2;http://www.madrid.es/sites/v/index.jsp?vgnextchannel=bfa48ab43d6bb410VgnVCM100000171f5a0aRCRD&vgnextoid=3d151ae86f4e1110VgnVCM1000000b205a0aRCRD;ESTAFETA;CALLE;V;2;;;;;MADRID;MADRID;28041;3;SAN FERMIN;12;USERA;441206;4469544;4.037.440.487.560.530;-3.692.567.175.981.260;;;
2 Pistas de baloncesto  2 Pistas polideportivas  4 Tenis de mesa   Acceso libre.;Consulta los siguientes enlaces.;2;http://www.madrid.es/sites/v/index.jsp?vgnextchannel=bfa48ab43d6bb410VgnVCM100000171f5a0aRCRD&vgnextoid=2058da3da4ce5310VgnVCM1000000b205a0aRCRD;ORCASUR;AVENIDA;V;53;;;;;MADRID;MADRID;28041;2;ORCASUR;12;USERA;440413;4468561;4.036.548.482.367.130;-37.018.344.445.764.100;;;
2 Pistas de Baloncesto  Acceso libre.;Metro: El Capricho (linea 5).;1;http://www.madrid.es/sites/v/index.jsp?vgnextchannel=bfa48ab43d6bb410VgnVCM100000171f5a0aRCRD&vgnextoid=a3560735dead1110VgnVCM1000000b205a0aRCRD;BALANDRO;CALLE;V;1;;;;;MADRID;MADRID;28042;1;ALAMEDA DE OSUNA;21;BARAJAS;449924;4478011;40.451.251.451.000.800;-35.905.626.839.548.300;;;
2 Pistas de baloncesto  Acceso libre.;Metro: Alameda de Osuna (linea 5).;1;http://www.madrid.es/sites/v/index.jsp?vgnextchannel=bfa48ab43d6bb410VgnVCM100000171f5a0aRCRD&vgnextoid=7aea0d17980e1110VgnVCM1000000b205a0aRCRD;GALEON;CALLE;V;6;;;;;MADRID;MADRID;28042;1;ALAMEDA DE OSUNA;21;BARAJAS;450323;4478527;4.045.591.483.433.640;-3.585.897.770.294.800;;;
2 Pistas de baloncesto  Acceso libre.;Renfe: Entrevias (lineas C2, C7 y C8).;0;http://www.madrid.es/sites/v/index.jsp?vgnextchannel=bfa48ab43d6bb410VgnVCM100000171f5a0aRCRD&vgnextoid=ea338ad3672c2110VgnVCM1000000b205a0aRCRD;IMAGEN;CALLE;V;23;;;;;MADRID;MADRID;28018;2;SAN DIEGO;13;PUENTE DE VALLECAS;443324;4470523;4.038.336.275.152.150;-3.667.713.277.656.220;;;
2 Pistas de baloncesto  Acceso libre.;Metro: Vinateros (linea 9).;0;http://www.madrid.es/sites/v/index.jsp?vgnextchannel=bfa48ab43d6bb410VgnVCM100000171f5a0aRCRD&vgnextoid=e99bf30a37391110VgnVCM2000000c205a0aRCRD;MORATALAZ;AVENIDA;V;58;;;;;MADRID;MADRID;28030;5;FONTARRON;14;MORATALAZ;444547;4472980;4.040.559.580.261.860;-36.535.143.113.137.600;;;
2 Pistas de baloncesto  Acceso libre.;Consulta los siguientes enlaces.;0;http://www.madrid.es/sites/v/index.jsp?vgnextchannel=bfa48ab43d6bb410VgnVCM100000171f5a0aRCRD&vgnextoid=490c606e96145110VgnVCM1000000b205a0aRCRD;VICENTE QUESADA;CALLE;V;4;;;;PARQUE DE SAN ISIDRO;MADRID;MADRID;28019;3;SAN ISIDRO;11;CARABANCHEL;438036;4472069;4.039.692.701.825.190;-37.301.518.140.186.300;;;
2 Pistas de baloncesto  Acceso libre.;Metro: Colombia (lineas 8 y 9).;2;http://www.madrid.es/sites/v/index.jsp?vgnextchannel=bfa48ab43d6bb410VgnVCM100000171f5a0aRCRD&vgnextoid=1dfddf1554291110VgnVCM1000000b205a0aRCRD;PUERTO RICO;CALLE;V;54;;;;C/V GUATEMALA;MADRID;MADRID;28016;5;NUEVA ESPAÑA;5;CHAMARTIN;442838;4478936;4.045.912.717.792.000;-36.742.066.744.010.800;;;
2 Pistas de Baloncesto  Acceso libre.;Metro: Barajas (linea 8).;1;http://www.madrid.es/sites/v/index.jsp?vgnextchannel=bfa48ab43d6bb410VgnVCM100000171f5a0aRCRD&vgnextoid=379c8edc1914c910VgnVCM200000f921e388RCRD;ANIBAL GONZALEZ;GLORIETA;V;;;;;;MADRID;MADRID;28042;1;ALAMEDA DE OSUNA;21;BARAJAS;449179;4478356;4.048.146.551.632.610;-36.058.572.551.547.600;;;
2 Pistas de baloncesto 1 Circuito de bicicletas  Acceso libre.;Consulta los siguientes enlaces.;2;http://www.madrid.es/sites/v/index.jsp?vgnextchannel=bfa48ab43d6bb410VgnVCM100000171f5a0aRCRD&vgnextoid=6fecafe6d20e1110VgnVCM1000000b205a0aRCRD;POBLADOS;AVENIDA;V;169;;;;PARQUE PRADOLONGO;MADRID;MADRID;28041;7;PRADOLONGO;12;USERA;439998;4469285;4.037.198.635.690.730;-37.067.765.807.244.200;;;
2 Pistas de baloncesto 1 Circuito de vida 1 Pista polideportiva 1 Zona de calistenia  Acceso libre.;Metro: Hospital Doce de Octubre (linea 3).;2;http://www.madrid.es/sites/v/index.jsp?vgnextchannel=bfa48ab43d6bb410VgnVCM100000171f5a0aRCRD&vgnextoid=909a2414d35e1110VgnVCM1000000b205a0aRCRD;PINSAPO;CALLE;V;3;;;;;MADRID;MADRID;28041;2;ORCASUR;12;USERA;440927;4468850;4.036.813.407.300.100;-369.579.530.482.948;;;
2 Pistas de baloncesto 1 Pista de futbol sala  Acceso libre.;Consulta los siguientes enlaces.;0;http://www.madrid.es/sites/v/index.jsp?vgnextchannel=bfa48ab43d6bb410VgnVCM100000171f5a0aRCRD&vgnextoid=82f65e9248c91110VgnVCM1000000b205a0aRCRD;DAROCA;AVENIDA;V;95;;;;;MADRID;MADRID;28017;2;PUEBLO NUEVO;15;CIUDAD LINEAL;445479;4475138;40.425.090.271.008.600;-36.427.216.652.412.800;;;
2 pistas de baloncesto 1 pista de futbol sala  Acceso libre.;Consulta los siguientes enlaces.;0;http://www.madrid.es/sites/v/index.jsp?vgnextchannel=bfa48ab43d6bb410VgnVCM100000171f5a0aRCRD&vgnextoid=5790dbec67222110VgnVCM1000000b205a0aRCRD;CRUCES;CAMINO;V;4;;;;PARQUE DE LAS CRUCES;MADRID;MADRID;28044;6;BUENAVISTA;11;CARABANCHEL;435883;4469672;40.375.279;-3.756.142;;;
2 Pistas de baloncesto 1 Pista de patinaje  Acceso libre.;Renfe: Puente Alcocer (linea C5).;0;http://www.madrid.es/sites/v/index.jsp?vgnextchannel=bfa48ab43d6bb410VgnVCM100000171f5a0aRCRD&vgnextoid=7e1e00f058a61110VgnVCM1000000b205a0aRCRD;PALOMARES;CALLE;V;34;;;;;MADRID;MADRID;28021;1;VILLAVERDE ALTO C.H.;17;VILLAVERDE;439520;4466514;4.034.699.107.075.540;-37.121.368.916.451.200;;;
2 Pistas de baloncesto 1 Pista de patinaje  Acceso libre.;Metro: Villaverde Bajo Cruce (linea 3).  Renfe: Puente Alcocer (linea C5).;0;http://www.madrid.es/sites/v/index.jsp?vgnextchannel=bfa48ab43d6bb410VgnVCM100000171f5a0aRCRD&vgnextoid=f346588fd3471110VgnVCM1000000b205a0aRCRD;ANOETA;CALLE;V;16;;;;;MADRID;MADRID;28041;5;ANGELES;17;VILLAVERDE;440865;4467151;4.035.282.504.994.270;-36.963.617.882.465.600;;;
2 Pistas de baloncesto 1 Pista de voleibol  Acceso libre.;Renfe: El Pozo (lineas C2, C7 y C8).;0;http://www.madrid.es/sites/v/index.jsp?vgnextchannel=bfa48ab43d6bb410VgnVCM100000171f5a0aRCRD&vgnextoid=2444df453adb2110VgnVCM1000000b205a0aRCRD;NOVECENTO;CALLE;V;6;;;;;MADRID;MADRID;28018;3;PALOMERAS BAJAS;13;PUENTE DE VALLECAS;444510;4469859;4.037.746.079.137.420;-3.653.695.563.861.610;;;
2 Pistas de baloncesto 1 Zona de calistenia 3 Pistas de tenis de mesa  Acceso libre.;Consulta los siguientes enlaces.;2;http://www.madrid.es/sites/v/index.jsp?vgnextchannel=bfa48ab43d6bb410VgnVCM100000171f5a0aRCRD&vgnextoid=00be193f97b78810VgnVCM2000001f4a900aRCRD;POBLADOS;AVENIDA;V;165;;;;PARQUE PRADOLONGO;MADRID;MADRID;28041;7;PRADOLONGO;12;USERA;439720;4469386;4.037.288.274.499.530;-37.100.591.797.765.900;;;
2 Pistas de baloncesto 2 Pistas de bolos y petanca  1 Pista de patinaje 2 Pistas polideportivas 4 Pistas de tenis de mesa  Acceso libre.;Consulta los siguientes enlaces.;2;http://www.madrid.es/sites/v/index.jsp?vgnextchannel=bfa48ab43d6bb410VgnVCM100000171f5a0aRCRD&vgnextoid=2d3362a9470e1110VgnVCM1000000b205a0aRCRD;COOPERATIVAS;RONDA;V;6;;;;;MADRID;MADRID;28041;1;ORCASITAS;12;USERA;439919;4468772;403.673.502.443.602;-37.076.605.178.679.000;;;
2 Pistas de baloncesto 2 Pistas de bolos y petanca 1 Pista de patinaje 1 Pista polideportiva 1 Pista polideportiva cubierta 3 Pistas de tenis de mesa  Acceso libre.;Consulta los siguientes enlaces.;2;http://www.madrid.es/sites/v/index.jsp?vgnextchannel=bfa48ab43d6bb410VgnVCM100000171f5a0aRCRD&vgnextoid=bb9f22cad8d91110VgnVCM2000000c205a0aRCRD;DIRECCION;PASEO;V;299;;;;;MADRID;MADRID;28029;5;VALDEACEDERAS;6;TETUAN;440268;4480183;404.701.829.077.932;-37.046.136.733.997.400;;;
2 Pistas de baloncesto 2 Pistas de futbol sala  1 Pista polideportiva 1 Pista de voleibol  Acceso libre.;Consulta los siguientes enlaces.;2;http://www.madrid.es/sites/v/index.jsp?vgnextchannel=bfa48ab43d6bb410VgnVCM100000171f5a0aRCRD&vgnextoid=c51553332b794110VgnVCM1000000b205a0aRCRD;CAPITAN BLANCO ARGIBAY;CALLE;V;173;;;;;MADRID;MADRID;28029;5;VALDEACEDERAS;6;TETUAN;439740;4480162;4.046.995.417.209.450;-3.710.836.991.177.550;;;
2 Pistas de baloncesto 2 Pistas de futbol sala  Acceso libre.;Metro: Las Rosas (linea 2).;0;http://www.madrid.es/sites/v/index.jsp?vgnextchannel=bfa48ab43d6bb410VgnVCM100000171f5a0aRCRD&vgnextoid=ce2dad35d7ae1110VgnVCM1000000b205a0aRCRD;HELSINKI;CALLE;V;6;;;;;MADRID;MADRID;28022;5;ROSAS;20;SAN BLAS-CANILLEJAS;448853;4475201;4.042.587.119.856.990;-3.602.954.200.233.560;;;
2 Pistas de baloncesto 2 Pistas de futbol sala 1 Rocodromo 1 Pista de tenis de mesa  Acceso libre.;Consulta los siguientes enlaces.;2;http://www.madrid.es/sites/v/index.jsp?vgnextchannel=bfa48ab43d6bb410VgnVCM100000171f5a0aRCRD&vgnextoid=21dbde6b48db2110VgnVCM1000000b205a0aRCRD;SIERRA DE CUERDA LARGA;CALLE;V;41;;;;;MADRID;MADRID;28038;6;NUMANCIA;13;PUENTE DE VALLECAS;444272;4472321;403.996.321.152.037;-36.567.011.261.303.400;;;
2 Pistas de baloncesto 2 Pistas de futbol sala 4 Pistas de petanca 3 Pistas de chito  Acceso libre.;Consulta los siguientes enlaces.;0;http://www.madrid.es/sites/v/index.jsp?vgnextchannel=bfa48ab43d6bb410VgnVCM100000171f5a0aRCRD&vgnextoid=009349ad8bcc5110VgnVCM1000000b205a0aRCRD;PLATA Y CASTAÑAR;PASEO;V;5;;;;;MADRID;MADRID;28021;;SAN ANDRES;17;VILLAVERDE;439073;4466734;4.034.893.806.864.990;-3.717.423.564.562.950;;;
2 Pistas de baloncesto 2 Pistas de patinaje (bajo el puente de Doctor Esquerdo) Tenis de mesa  Acceso libre.;Metro: Pacifico (linea 1 y 6).  Bicicletas:    Servicio Bicimad, para consultar la estacion mas cercana, acceda al mapa de geolocalizacion de las estaciones;0;http://www.madrid.es/sites/v/index.jsp?vgnextchannel=bfa48ab43d6bb410VgnVCM100000171f5a0aRCRD&vgnextoid=4405ad5b81301110VgnVCM1000000b205a0aRCRD;COCHERAS;CALLE;V;1;;;;;MADRID;MADRID;28007;1;PACIFICO;3;RETIRO;442610;4472449;40.400.673.376.887.400;-3.676.298.173.141.190;;;
2 Pistas de baloncesto 2 Tenis de mesa  Acceso libre.;Metro: Canillas (linea 4).;0;http://www.madrid.es/sites/v/index.jsp?vgnextchannel=bfa48ab43d6bb410VgnVCM100000171f5a0aRCRD&vgnextoid=5ce8dec5c4961110VgnVCM1000000b205a0aRCRD;"LAS PEDRO&amp;Ntilde;ERAS";CALLE;V;42;;;;CUBIERTA P.A.R.;MADRID;MADRID;28043;3;CANILLAS;16;HORTALEZA;446546;4479816;40.467.306.798.706.000;-36.305.372.141.187.600;;;
2 Pistas de baloncesto 3x3  Acceso libre.;Metro: Parque de Santa Maria (linea 4), Hortaleza (linea 4).;0;http://www.madrid.es/sites/v/index.jsp?vgnextchannel=bfa48ab43d6bb410VgnVCM100000171f5a0aRCRD&vgnextoid=f3553da4a6551110VgnVCM1000000b205a0aRCRD;ESTACION DE HORTALEZA;CARRETERA;V;7;;;;;MADRID;MADRID;28033;5;APOSTOL SANTIAGO;16;HORTALEZA;444469;4480798;4.047.600.256.074.510;-36.551.340.067.790.500;;;
2 pistas de baloncesto 3X3 1 bloque de escalada 1 campo de futbol 7 de cesped artificial 1 campo de minipitch de cesped artificial 2 pistas de pana 1 pista polideportiva   Acceso controlado.;Renfe: Villaverde Bajo (linea C3 y C4).;0;http://www.madrid.es/sites/v/index.jsp?vgnextchannel=bfa48ab43d6bb410VgnVCM100000171f5a0aRCRD&vgnextoid=7869ce073379b410VgnVCM2000000c205a0aRCRD;ESTEFANITA;CALLE;V;3;;;;;MADRID;MADRID;28021;3;BUTARQUE;17;VILLAVERDE;442619;4466547;4.034.750.435.286.860;-36.756.560.101.604.400;;;
2 Pistas de baloncesto 3x3 2  Pistas de bolos y petanca 1 Pista de chito 1 Tenis de mesa  Acceso libre.;Metro: Mar de Cristal (lineas 4 y 8), San Lorenzo (linea 4).;2;http://www.madrid.es/sites/v/index.jsp?vgnextchannel=bfa48ab43d6bb410VgnVCM100000171f5a0aRCRD&vgnextoid=6b769fbdc8e61110VgnVCM1000000b205a0aRCRD;BUCARAMANGA;AVENIDA;V;2;;;;;MADRID;MADRID;28033;4;PINAR DEL REY;16;HORTALEZA;445851;4480361;4.047.216.617.986.820;-36.387.819.347.036.400;;;
2 Pistas de baloncesto Circuito de bicicletas Circuito de vida  Acceso libre.;Metro: Mar de Cristal (lineas 4 y 8).;2;http://www.madrid.es/sites/v/index.jsp?vgnextchannel=bfa48ab43d6bb410VgnVCM100000171f5a0aRCRD&vgnextoid=591a16c6b58b5110VgnVCM1000000b205a0aRCRD;TRIBALDOS;CALLE;V;39;;;;;MADRID;MADRID;28043;3;CANILLAS;16;HORTALEZA;445787;4479794;4.046.706.170.530.560;-36.394.831.969.012.300;;;
2 Pistas de baloncesto Pista de futbol sala  Acceso libre.;Metro: Pavones (linea 9).;0;http://www.madrid.es/sites/v/index.jsp?vgnextchannel=bfa48ab43d6bb410VgnVCM100000171f5a0aRCRD&vgnextoid=1986f30a37391110VgnVCM2000000c205a0aRCRD;ENCOMIENDA DE PALACIOS;CALLE;V;334;;;;;MADRID;MADRID;28030;1;PAVONES;14;MORATALAZ;446115;4471953;40.396.441.400.543.200;-36.349.518.376.090.600;;;
2 Pistas de baloncesto Pista de futbol sala.  Acceso libre.;Metro: Estrella (linea 9).;0;http://www.madrid.es/sites/v/index.jsp?vgnextchannel=bfa48ab43d6bb410VgnVCM100000171f5a0aRCRD&vgnextoid=4f796e6292bdd210VgnVCM1000000b205a0aRCRD;CORREGIDOR DIEGO DE VALDERRABANO;CALLE;V;26;;;;;MADRID;MADRID;28030;4;MEDIA LEGUA;14;MORATALAZ;444075;4473438;40.409.690.049.949.700;-36.591.194.955.518.300;;;
2 pistas de baloncesto transversales. 1 pista de polideportiva con marcajes de futbol-sala. 1 pista de chito.  Acceso libre.;Metro: Concha Espina , Alfonso XIII (lineas 4 y 9).;2;http://www.madrid.es/sites/v/index.jsp?vgnextchannel=bfa48ab43d6bb410VgnVCM100000171f5a0aRCRD&vgnextoid=d7e0a56363291110VgnVCM1000000b205a0aRCRD;MARCENADO;CALLE;V;51;;;;;MADRID;MADRID;28002;3;CIUDAD JARDIN;5;CHAMARTIN;442812;4477906;4.044.984.679.168.730;-36.744.024.936.791.400;;;
2 Pistas de baloncesto.  Acceso libre.;Metro: Ciudad Lineal (linea 5), Pueblo Nuevo (lineas 5 y 7).;0;http://www.madrid.es/sites/v/index.jsp?vgnextchannel=bfa48ab43d6bb410VgnVCM100000171f5a0aRCRD&vgnextoid=7eb59c02f6d91110VgnVCM1000000b205a0aRCRD;DOCTOR CIRAJAS;CALLE;V;3;;;;CUBIERTA P.A.R.;MADRID;MADRID;28017;2;PUEBLO NUEVO;15;CIUDAD LINEAL;445934;4476293;40.435.515.856.536.500;-36.374.563.613.179.700;;;
2 Pistas de baloncesto.  Acceso libre.;Metro: Barrio de la Concepcion (linea 7).;0;http://www.madrid.es/sites/v/index.jsp?vgnextchannel=bfa48ab43d6bb410VgnVCM100000171f5a0aRCRD&vgnextoid=7e958d66a1891110VgnVCM1000000b205a0aRCRD;AGASTIA;CALLE;V;9;;;;;MADRID;MADRID;28027;5;SAN PASCUAL;15;CIUDAD LINEAL;445037;4477178;4.044.344.226.753.930;-3.648.104.686.749.390;;;
2 Pistas de baloncesto.  Acceso libre.;Metro: Fuencarral (linea 10).;0;http://www.madrid.es/sites/v/index.jsp?vgnextchannel=bfa48ab43d6bb410VgnVCM100000171f5a0aRCRD&vgnextoid=d9e81ce88d415310VgnVCM2000000c205a0aRCRD;CORCUBION;PLAZA;V;13;;;;;MADRID;MADRID;28029;4;EL PILAR;8;FUENCARRAL-EL PARDO;440032;4480949;404.770.674.126.128;-37.074.678.471.403.200;;;
2 pistas de baloncesto. 1 pista de patinaje. 2 campos de bolos y petanca.  Acceso libre.;Consulta los siguientes enlaces.;2;http://www.madrid.es/sites/v/index.jsp?vgnextchannel=bfa48ab43d6bb410VgnVCM100000171f5a0aRCRD&vgnextoid=ea63124827ee0110VgnVCM1000000b205a0aRCRD;ALFONSO XIII;AVENIDA;V;136;;;;;MADRID;MADRID;28016;5;NUEVA ESPAÑA;5;CHAMARTIN;443267;4479019;4.045.991.170.957.250;-36.691.352.169.675.900;;;
2 Pistas de futbol sala 1 Pista de baloncesto.  Acceso libre.;Renfe: Las aguilas (linea C5).;0;http://www.madrid.es/sites/v/index.jsp?vgnextchannel=bfa48ab43d6bb410VgnVCM100000171f5a0aRCRD&vgnextoid=d6c2ad4612e12110VgnVCM1000000b205a0aRCRD;LAS AGUILAS;AVENIDA;V;110;;;;CUBIERTA DE P.A.R.;MADRID;MADRID;28044;7;LAS AGUILAS;10;LATINA;435330;4470790;40.385.197.861.740.800;-37.619.024.102.187.700;;;
2 pistas de futbol-sala. Pista de baloncesto. Instalacion para deportes sobre ruedas. Pista de baloncesto 3x3.  Acceso libre.;Metro: Fuencarral (linea 10).;0;http://www.madrid.es/sites/v/index.jsp?vgnextchannel=bfa48ab43d6bb410VgnVCM100000171f5a0aRCRD&vgnextoid=fb9e99d98fc2b610VgnVCM1000001d4a900aRCRD;BRAILLE;CALLE;V;15;;;;;MADRID;MADRID;28034;6;VALVERDE;8;FUENCARRAL-EL PARDO;441115;4482990;4.049.553.402.527.140;-3.694.889.844.552.840;;;
2 Pistas polideportivas, (marcajes de futbol sala y balonmano y 2 baloncestos transversales).  Acceso libre.;Renfe: Santa Eugenia (lineas C2, C7 y C8).;2;http://www.madrid.es/sites/v/index.jsp?vgnextchannel=bfa48ab43d6bb410VgnVCM100000171f5a0aRCRD&vgnextoid=617f55fdb3b41110VgnVCM1000000b205a0aRCRD;VASARES;CAMINO;V;13;;;;PARQUE VILDA;MADRID;MADRID;28031;2;SANTA EUGENIA;18;VILLA DE VALLECAS;447993;4470348;40.382.106.378.925.000;-36.126.907.212.800.800;;;
3 Pista de baloncesto 3 x 3 1 Pista de futbol sala 4 Mesa de tenis mesa  Acceso libre.;Consulta los siguientes enlaces.;0;http://www.madrid.es/sites/v/index.jsp?vgnextchannel=bfa48ab43d6bb410VgnVCM100000171f5a0aRCRD&vgnextoid=7c81830bdf6ec910VgnVCM100000891ecb1aRCRD;SAN ISIDRO;PARQUE;T;;;;;;MADRID;MADRID;;;;;DISTRITO;438464;4472433;4.040.023.658.430.990;-37.251.417.506.183.500;;;
3 pistas de futbol sala 1 pista baloncesto 1 pista baloncesto 3x3 1 pista de voleibol 1 pista de patinaje  Acceso libre.;Consulta los siguientes enlaces.;0;http://www.madrid.es/sites/v/index.jsp?vgnextchannel=bfa48ab43d6bb410VgnVCM100000171f5a0aRCRD&vgnextoid=e33d50aa44301110VgnVCM1000000b205a0aRCRD;ARROYO DE POZUELO;CALLE;V;6;;;;;MADRID;MADRID;28023;7;ARAVACA;9;MONCLOA-ARAVACA;434779;4478162;4.045.156.253.178.620;-37.691.550.610.977.000;;;
Campo de futbol (cesped artificial).  Pista de futbol 11 (cesped artificial).  Pista de baloncesto. 3 pistas de baloncesto 3x3.  Acceso controlado.;Metro: Avenida de la Ilustracion, Peñagrande (linea 7).;0;http://www.madrid.es/sites/v/index.jsp?vgnextchannel=bfa48ab43d6bb410VgnVCM100000171f5a0aRCRD&vgnextoid=1b1898d6f7291110VgnVCM2000000c205a0aRCRD;SANTIAGO DE COMPOSTELA;CALLE;V;104;;;;c/v ISLA DE TABARCA;MADRID;MADRID;28035;3;PEÑA GRANDE;8;FUENCARRAL-EL PARDO;438898;4480931;40.476.809.546.000.700;-37.208.537.072.021.800;;;
Circuito de parkour. Circuito de calistenia. Pista de minibaloncesto. Pista de patinaje.  Acceso libre.;Renfe: Santa Eugenia (lineas C2, C7 y C8).;2;http://www.madrid.es/sites/v/index.jsp?vgnextchannel=bfa48ab43d6bb410VgnVCM100000171f5a0aRCRD&vgnextoid=371ef533a3468710VgnVCM1000001d4a900aRCRD;ENSANCHE DE VALLECAS;AVENIDA;V;14;;;;;MADRID;MADRID;28051;3;ENSANCHE DE VALLECAS;18;VILLA DE VALLECAS;447978;4468989;40.369.856.041.672.500;-3.612.756.802.771.570;;;
Equipamientos    Unidades Deportivas al Aire Libre 2 Pistas de Tenis (1 con luz y otra sin luz) - 4 Pistas de Padel - 1 Pista de Futbol Sala (sin luz) - 2 Pistas de Baloncesto (sin luz)  Unidades Deportivas Cubiertas Sala Multiusos de Fitness Aerobico  Acceso controlado.;Consulta los siguientes enlaces.;0;http://www.madrid.es/sites/v/index.jsp?vgnextchannel=bfa48ab43d6bb410VgnVCM100000171f5a0aRCRD&vgnextoid=d2370e840d2b2110VgnVCM1000000b205a0aRCRD;CAPRICHOS;AVENIDA;V;1;;;;;MADRID;MADRID;28011;1;LOS CARMENES;10;LATINA;438181;4473053;4.040.579.744.690.790;-37.285.454.246.920.900;;;
Fronton 2 Pistas de baloncesto 2 Pistas polideportivas Minibasket  Acceso libre.;Metro: Valdebernardo (linea 9).;0;http://www.madrid.es/sites/v/index.jsp?vgnextchannel=bfa48ab43d6bb410VgnVCM100000171f5a0aRCRD&vgnextoid=2eace1fffb1f5310VgnVCM2000000c205a0aRCRD;CORDEL DE PAVONES;CALLE;V;11;;;;;MADRID;MADRID;28032;2;VALDEBERNARDO;19;VICALVARO;447507;4472329;40.399.914.782.005.600;-36.185.777.736.655.600;;;
Pista de Baloncesto  Acceso libre.;Metro: Cruz del Rayo (linea 9).;2;http://www.madrid.es/sites/v/index.jsp?vgnextchannel=bfa48ab43d6bb410VgnVCM100000171f5a0aRCRD&vgnextoid=f969f99d08129210VgnVCM1000000b205a0aRCRD;JOAQUIN RODRIGO;PLAZA;V;1;;;;;MADRID;MADRID;28002;;CIUDAD JARDiN;;CHAMARTIN;442574;4477426;4.044.549.718.316.200;-3.677.183.546.596.660;;;
Pista de baloncesto  Acceso libre.;Metro: Pinar de Chamartin (lineas 1 y 4).;0;http://www.madrid.es/sites/v/index.jsp?vgnextchannel=bfa48ab43d6bb410VgnVCM100000171f5a0aRCRD&vgnextoid=5cbb9256c6bed210VgnVCM1000000b205a0aRCRD;BRIVIESCA;CALLE;V;4;;;;;MADRID;MADRID;28033;9;COSTILLARES;15;CIUDAD LINEAL;443503;4481453;4.048.183.793.645.460;-36.665.879.427.690.800;;;
Pista de baloncesto  Acceso libre.;Metro: Islas Filipinas (linea 7), Canal (lineas 2 y 7).;3;http://www.madrid.es/sites/v/index.jsp?vgnextchannel=bfa48ab43d6bb410VgnVCM100000171f5a0aRCRD&vgnextoid=1aa8cde26f7d9610VgnVCM1000001d4a900aRCRD;BRAVO MURILLO;CALLE;V;49;;;;;MADRID;MADRID;28003;6;VALLEHERMOSO;7;CHAMBERI;440261;4476761;4.043.935.627.177.320;-3.704.371.546.221.410;;;
Pista de baloncesto  Acceso libre.;Renfe: Santa Eugenia (lineas C2, C7 y C8).;0;http://www.madrid.es/sites/v/index.jsp?vgnextchannel=bfa48ab43d6bb410VgnVCM100000171f5a0aRCRD&vgnextoid=a554a9b438051110VgnVCM1000000b205a0aRCRD;SANTA EUGENIA;AVENIDA;V;1;;;;;MADRID;MADRID;28031;2;SANTA EUGENIA;18;VILLA DE VALLECAS;448343;4470808;4.038.626.820.789.460;-36.086.007.213.101.800;;;
Pista de baloncesto  Acceso libre.;Consulta los siguientes enlaces.;2;http://www.madrid.es/sites/v/index.jsp?vgnextchannel=bfa48ab43d6bb410VgnVCM100000171f5a0aRCRD&vgnextoid=94376b6506551110VgnVCM1000000b205a0aRCRD;POZA DE LA SAL;CALLE;V;4;;;;;MADRID;MADRID;28031;2;SANTA EUGENIA;18;VILLA DE VALLECAS;448816;4470012;4.037.912.373.319.080;-36.029.851.282.692.700;;;
Pista de baloncesto  Acceso libre.;Metro: Villa de Vallecas (linea 1).;2;http://www.madrid.es/sites/v/index.jsp?vgnextchannel=bfa48ab43d6bb410VgnVCM100000171f5a0aRCRD&vgnextoid=f6c59e90c4b41110VgnVCM1000000b205a0aRCRD;PUERTO DE LUMBRERAS;CALLE;V;14;;;;;MADRID;MADRID;28031;1;CASCO H.VALLECAS;18;VILLA DE VALLECAS;447449;4470301;40.381.645.503.621;-3.619.095.809.540.990;;;
Pista de baloncesto  Acceso libre.;Renfe: Santa Eugenia (linea C2, C7 y C8).;2;http://www.madrid.es/sites/v/index.jsp?vgnextchannel=bfa48ab43d6bb410VgnVCM100000171f5a0aRCRD&vgnextoid=8bd14584cff41110VgnVCM1000000b205a0aRCRD;ZAZUAR;CALLE;V;1;;;;;MADRID;MADRID;28031;2;SANTA EUGENIA;18;VILLA DE VALLECAS;448609;4470397;4.038.257.934.400.670;-36.054.546.139.177.300;;;
Pista de baloncesto 3 x 3  Acceso libre.;Renfe: Santa Eugenia (lineas C2, C7 y C8).;2;http://www.madrid.es/sites/v/index.jsp?vgnextchannel=bfa48ab43d6bb410VgnVCM100000171f5a0aRCRD&vgnextoid=2716c39144551110VgnVCM1000000b205a0aRCRD;PUENTELARRA;CALLE;V;12;;;;;MADRID;MADRID;28031;2;SANTA EUGENIA;18;VILLA DE VALLECAS;448296;4470473;4.038.324.470.241.850;-36.091.362.899.378.600;;;
Pista de baloncesto cubierto Pista polideportiva cubierta  Acceso libre.;Metro: Congosto (linea 1).;2;http://www.madrid.es/sites/v/index.jsp?vgnextchannel=bfa48ab43d6bb410VgnVCM100000171f5a0aRCRD&vgnextoid=52e5291fa9288710VgnVCM1000001d4a900aRCRD;PEÑARANDA DE BRACAMONTE;CALLE;V;54;;;;;MADRID;MADRID;28051;3;ENSANCHE DE VALLECAS;18;VILLA DE VALLECAS;447948;4468435;4.036.487.064.423.940;-3.613.064.051.608.720;;;
Pista de baloncesto Pista de bolos y petanca  Acceso libre.;Metro: Usera (linea 6).;2;http://www.madrid.es/sites/v/index.jsp?vgnextchannel=bfa48ab43d6bb410VgnVCM100000171f5a0aRCRD&vgnextoid=73415c51350e1110VgnVCM1000000b205a0aRCRD;CALESAS;CALLE;V;4;;;;;MADRID;MADRID;28026;5;MOSCARDO;12;USERA;440173;4471408;4.039.112.392.741.980;-37.049.283.470.996.700;;;
Pista de Baloncesto Pista polideportiva  Acceso controlado.;Metro: Marques de Vadillo (linea 5).;0;http://www.madrid.es/sites/v/index.jsp?vgnextchannel=bfa48ab43d6bb410VgnVCM100000171f5a0aRCRD&vgnextoid=647b204ea5971110VgnVCM1000000b205a0aRCRD;ANTONIO LOPEZ;CALLE;V;19;;;;CUBIERTA DE P.A.R.;MADRID;MADRID;28019;1;COMILLAS;11;CARABANCHEL;439465;4472039;4.039.675.778.108.710;-37.133.155.438.748.900;;;
Pista de baloncesto Tenis de mesa Pista de voleibol  Acceso libre.;Consulta los siguientes enlaces.;0;http://www.madrid.es/sites/v/index.jsp?vgnextchannel=bfa48ab43d6bb410VgnVCM100000171f5a0aRCRD&vgnextoid=72e68d2ec6099610VgnVCM1000001d4a900aRCRD;CORNISA;PARQUE;T;;;;;CALLE DEL ROSARIO;MADRID;MADRID;;;;;DISTRITO;439262;4473597;40.410.782.823.227.300;-37.158.504.935.306.000;;;
Pista de baloncesto y pista de patinaje.  Acceso libre.;Metro: Antonio Machado (linea 7).;0;http://www.madrid.es/sites/v/index.jsp?vgnextchannel=bfa48ab43d6bb410VgnVCM100000171f5a0aRCRD&vgnextoid=61cf99d98fc2b610VgnVCM1000001d4a900aRCRD;SANTUARIO DE VALVERDE;AVENIDA;V;41;;;;;MADRID;MADRID;28049;8;EL GOLOSO;8;FUENCARRAL-EL PARDO;440904;4484283;4.050.715.972.029.970;-36.974.983.196.434.800;;;
Pista de baloncesto y pista polideportiva.  Acceso libre.;Metro: Fuencarral (linea 10).;0;http://www.madrid.es/sites/v/index.jsp?vgnextchannel=bfa48ab43d6bb410VgnVCM100000171f5a0aRCRD&vgnextoid=beda96e321f05310VgnVCM1000000b205a0aRCRD;NURIA;CALLE;V;81;;;;;MADRID;MADRID;28034;7;MIRASIERRA;8;FUENCARRAL-EL PARDO;439734;4482940;4.049.498.070.301.620;-37.111.789.282.628.400;;;
Pista de baloncesto.  Acceso libre.;Metro: Herrera Oria (linea 9).;0;http://www.madrid.es/sites/v/index.jsp?vgnextchannel=bfa48ab43d6bb410VgnVCM100000171f5a0aRCRD&vgnextoid=76e6e08340d35310VgnVCM2000000c205a0aRCRD;SANGENJO;CALLE;V;40;;;;;MADRID;MADRID;28034;5;LA PAZ;8;FUENCARRAL-EL PARDO;440794;4482201;4.048.840.130.012.320;-3.698.595.054.857.280;;;
Pista de baloncesto.  Acceso libre.;Metro: Avenida de la Paz (linea 4).;0;http://www.madrid.es/sites/v/index.jsp?vgnextchannel=bfa48ab43d6bb410VgnVCM100000171f5a0aRCRD&vgnextoid=cacbdf5a0c6fc910VgnVCM200000f921e388RCRD;BUESO PINEDA;CALLE;V;4;;;;;MADRID;MADRID;28043;6;SAN JUAN BAUTISTA;15;CIUDAD LINEAL;444105;4478135;4.045.200.524.274.380;-36.591.775.603.358.000;;;
Pista de baloncesto.  Acceso libre.;Metro: Antonio Machado (linea 7).;0;http://www.madrid.es/sites/v/index.jsp?vgnextchannel=bfa48ab43d6bb410VgnVCM100000171f5a0aRCRD&vgnextoid=f25099d98fc2b610VgnVCM1000001d4a900aRCRD;MARIA DE MAEZTU;CALLE;V;36;;;;;MADRID;MADRID;28049;7;MIRASIERRA;8;FUENCARRAL-EL PARDO;438241;4482397;40.489.982.955.898.700;-37.287.424.913.482.000;;;
Pista de baloncesto.  Acceso libre.;Metro: Fuencarral (linea 10).;0;http://www.madrid.es/sites/v/index.jsp?vgnextchannel=bfa48ab43d6bb410VgnVCM100000171f5a0aRCRD&vgnextoid=aaad80a53df05310VgnVCM1000000b205a0aRCRD;ARZOBISPO MORCILLO;CALLE;V;9;;;;;MADRID;MADRID;28029;5;LA PAZ;8;FUENCARRAL-EL PARDO;441078;4481405;40.481.246.364.189.300;-36.951.796.155.204.600;;;
Pista de baloncesto. Campo de futbol 7 (cesped artificial). Pista de futbol sala  Acceso controlado.;Consulta los siguientes enlaces.;0;http://www.madrid.es/sites/v/index.jsp?vgnextchannel=bfa48ab43d6bb410VgnVCM100000171f5a0aRCRD&vgnextoid=dc56395961e4f010VgnVCM2000000c205a0aRCRD;MONASTERIO DE EL PAULAR;CALLE;V;138;;;;;MADRID;MADRID;28049;7;MIRASIERRA;8;FUENCARRAL-EL PARDO;440643;4483540;40.500.438.927.851.700;-3.700.512.809.058.560;S/T;;
Pista de baloncesto. Campo de futbol 7. Pista de hockey.  Acceso controlado.;Metro: Las Tablas (lineas 10 y ML1).;0;http://www.madrid.es/sites/v/index.jsp?vgnextchannel=bfa48ab43d6bb410VgnVCM100000171f5a0aRCRD&vgnextoid=0551a2d399a05310VgnVCM1000000b205a0aRCRD;FROMISTA;CALLE;V;4;;;;;MADRID;MADRID;28050;6;VALVERDE;8;FUENCARRAL-EL PARDO;442431;4484431;40.509.014.480.693.000;-36.770.972.758.501.000;;;
Pista de baloncesto. Pista de futbol sala.  Acceso libre.;Renfe: Santa Eugenia (lineas C2, C7 y C8).;2;http://www.madrid.es/sites/v/index.jsp?vgnextchannel=bfa48ab43d6bb410VgnVCM100000171f5a0aRCRD&vgnextoid=fa29f533a3468710VgnVCM1000001d4a900aRCRD;"CA&amp;Ntilde;ADA DEL SANTISIMO";CALLE;V;47;;;;;MADRID;MADRID;28051;3;ENSANCHE DE VALLECAS;18;VILLA DE VALLECAS;449010;4468144;40.362.315.118.210.400;-36.005.273.001.903.300;;;
Pista de baloncesto. Pista de futbol-sala.  Acceso libre.;Metro: Fuencarral (linea 10).;0;http://www.madrid.es/sites/v/index.jsp?vgnextchannel=bfa48ab43d6bb410VgnVCM100000171f5a0aRCRD&vgnextoid=b72a40a4a8915310VgnVCM2000000c205a0aRCRD;VERIN;PLAZA;V;8;;;;CUBIERTA DE P.A.R.;MADRID;MADRID;28029;4;EL PILAR;8;FUENCARRAL-EL PARDO;439875;4480932;4.047.690.225.914.070;-37.093.230.351.638.100;;;
Pista de baloncesto. Pista de voleibol. Zona de calistenia.  Acceso libre.;Metro: Tres Olivos (linea 10).;0;http://www.madrid.es/sites/v/index.jsp?vgnextchannel=bfa48ab43d6bb410VgnVCM100000171f5a0aRCRD&vgnextoid=fb43ef80813bc910VgnVCM200000f921e388RCRD;CABALLERO DE LA TRISTE FIGURA;CALLE;V;6;;;;;MADRID;MADRID;28034;6;VALVERDE;8;FUENCARRAL-EL PARDO;441245;4483541;4.050.356.195.702.380;-36.903.246.842.355.500;;;
Pista de baloncesto. Pista polideportiva (marcajes de futbol sala y voleibol).  Acceso libre.;Metro: Las Suertes (linea 1).;0;http://www.madrid.es/sites/v/index.jsp?vgnextchannel=bfa48ab43d6bb410VgnVCM100000171f5a0aRCRD&vgnextoid=b777d112cde58710VgnVCM1000001d4a900aRCRD;LAS SUERTES;AVENIDA;V;63;;;;;MADRID;MADRID;28051;3;ENSANCHE DE VALLECAS;18;VILLA DE VALLECAS;447796;4469520;4.036.559.128.645.830;-35.960.998.530.112.200;;;
Pista de futbol sala 2 Pistas de baloncesto  Acceso libre.;Metro: Artilleros (linea 9).;0;http://www.madrid.es/sites/v/index.jsp?vgnextchannel=bfa48ab43d6bb410VgnVCM100000171f5a0aRCRD&vgnextoid=3efff1c446391110VgnVCM2000000c205a0aRCRD;HACIENDA DE PAVONES;CALLE;V;119;;;;;MADRID;MADRID;28030;6;VINATEROS;14;MORATALAZ;445639;4472648;40.402.673.120.888.400;-36.406.115.727.832.300;;;
Pista de futbol sala. 2 Pistas de baloncesto (transversales). Pista de skate.  Acceso libre.;Metro: Congosto (linea 1).;2;http://www.madrid.es/sites/v/index.jsp?vgnextchannel=bfa48ab43d6bb410VgnVCM100000171f5a0aRCRD&vgnextoid=7a14291fa9288710VgnVCM1000001d4a900aRCRD;PUERTO DE PORZUNA;CALLE;V;31;;;;;MADRID;MADRID;28031;1;CASCO H.VALLECAS;18;VILLA DE VALLECAS;447118;4469475;40.374.185.181.259.600;-3.622.929.154.419.030;;;
Pista de minibaloncesto y minifutbol  Acceso libre.;Metro: Congosto (linea 1).;0;http://www.madrid.es/sites/v/index.jsp?vgnextchannel=bfa48ab43d6bb410VgnVCM100000171f5a0aRCRD&vgnextoid=346a6635ec288710VgnVCM1000001d4a900aRCRD;PEÑARANDA DE BRACAMONTE;CALLE;V;7;;;;;MADRID;MADRID;28051;3;ENSANCHE DE VALLECAS;18;VILLA DE VALLECAS;448710;4469592;4.037.533.906.377.620;-3.604.183.911.642.270;;;
Pista de minibaloncesto y minifutbol.  Acceso libre.;Renfe: Santa Eugenia (lineas C2, C7 y C8).;0;http://www.madrid.es/sites/v/index.jsp?vgnextchannel=bfa48ab43d6bb410VgnVCM100000171f5a0aRCRD&vgnextoid=c981763979368710VgnVCM1000001d4a900aRCRD;EDUARDO CHILLIDA;CALLE;V;2;;;;;MADRID;MADRID;28051;3;ENSANCHE DE VALLECAS;18;VILLA DE VALLECAS;450323;4468214;4.036.302.244.550.460;-3.585.074.019.427.530;;;
Pista de minibaloncesto. Pista de minifutbol  Acceso libre.;Metro: Congosto (linea 1).;2;http://www.madrid.es/sites/v/index.jsp?vgnextchannel=bfa48ab43d6bb410VgnVCM100000171f5a0aRCRD&vgnextoid=c3ccd112cde58710VgnVCM1000001d4a900aRCRD;CERRO MILANO;AVENIDA;V;18;;;;;MADRID;MADRID;28051;3;ENSANCHE DE VALLECAS;18;VILLA DE VALLECAS;447920;4468548;4.036.588.534.588.440;-3.613.403.621.440.490;;;
Pista de minibaloncesto. Pista de minifutbol. Pista de skate.  Acceso libre.;Metro: Las Suertes (linea 1).;2;http://www.madrid.es/sites/v/index.jsp?vgnextchannel=bfa48ab43d6bb410VgnVCM100000171f5a0aRCRD&vgnextoid=867fd112cde58710VgnVCM1000001d4a900aRCRD;"CA&amp;Ntilde;ADA DEL SANTISIMO";CALLE;V;39;;;;;MADRID;MADRID;28051;3;ENSANCHE DE VALLECAS;18;VILLA DE VALLECAS;449177;4468384;40.364.484.780.717.500;-359.858.329.881.689;;;
Pista polideportiva (con marcajes de futbol sala y 2 de baloncesto) 3 Pistas de Chito 3 Tenis de mesa  Acceso libre.;Metro: Artilleros (linea 9).;0;http://www.madrid.es/sites/v/index.jsp?vgnextchannel=bfa48ab43d6bb410VgnVCM100000171f5a0aRCRD&vgnextoid=ebc063952e391110VgnVCM2000000c205a0aRCRD;DOCTOR GARCIA TAPIA;AVENIDA;V;192;;;;;MADRID;MADRID;28030;3;MARROQUINA;14;MORATALAZ;445882;4473264;4.040.823.894.441.470;-3.637.806.006.862.960;;;
Pista polideportiva (marcajes de futbol sala y 2 baloncestos transversales). Pista de futbol sala.  Acceso libre.;Metro: Villa de Vallecas (linea 1).;0;http://www.madrid.es/sites/v/index.jsp?vgnextchannel=bfa48ab43d6bb410VgnVCM100000171f5a0aRCRD&vgnextoid=cd020c3bf9f98710VgnVCM2000001f4a900aRCRD;PICO DE LA CIERVA;CALLE;V;4;;;;;MADRID;MADRID;28031;1;CASCO H.VALLECAS;18;VILLA DE VALLECAS;447533;4469796;4.037.710.310.380.210;-36.185.063.391.325.300;;;
Pista polideportiva (marcajes de futbol sala y balonmano) Pista baloncesto  Acceso libre.;Metro: Las Suertes (linea 1).;2;http://www.madrid.es/sites/v/index.jsp?vgnextchannel=bfa48ab43d6bb410VgnVCM100000171f5a0aRCRD&vgnextoid=5a7c2150461f5310VgnVCM1000000b205a0aRCRD;ALTO DEL RETIRO;CALLE;V;7;;;;;MADRID;MADRID;28051;3;ENSANCHE DE VALLECAS;18;VILLA DE VALLECAS;450120;4468596;40.368.540.424.916.400;-3.591.695.083.849.990;;;
Pistas de baloncesto cubierta.  Acceso libre.;Metro: Parque de Santa Maria (linea 4).;0;http://www.madrid.es/sites/v/index.jsp?vgnextchannel=bfa48ab43d6bb410VgnVCM100000171f5a0aRCRD&vgnextoid=302e9b165e961110VgnVCM1000000b205a0aRCRD;SANTA ADELA;CALLE;V;14;;;;;MADRID;MADRID;28033;4;PINAR DEL REY;16;HORTALEZA;445043;4481198;40.479.644.201.807.700;-3.648.385.573.479.980;;;
Superficie: 1.200 m2   Equipamientos:    1 Campo de futbol 2 Pistas de futbol sala 1 Pista de baloncesto  Acceso controlado.;Metro: Eugenia de Montijo (linea 5).;0;http://www.madrid.es/sites/v/index.jsp?vgnextchannel=bfa48ab43d6bb410VgnVCM100000171f5a0aRCRD&vgnextoid=1cd3626222f61110VgnVCM1000000b205a0aRCRD;PARQUE EUGENIA DE MONTIJO;CALLE;V;3;;;;;MADRID;MADRID;28047;4;VISTA ALEGRE;11;CARABANCHEL;436105;4470144;40.379.434.859.363.700;-37.527.108.325.250.200;;;
Superficie: 1.200 m2  Equipamientos:    1 Pista de baloncesto 1 Pista de futbol sala 1 Pista de patinaje 2 Tenis de mesa  Acceso libre.;Metro: Marques de Vadillo (linea 5).;0;http://www.madrid.es/sites/v/index.jsp?vgnextchannel=bfa48ab43d6bb410VgnVCM100000171f5a0aRCRD&vgnextoid=09f5db6d12b41110VgnVCM1000000b205a0aRCRD;VERDAD;CALLE;V;2;;;;;MADRID;MADRID;28019;2;OPAÑEL;11;CARABANCHEL;439213;4471863;4.039.515.386.518.450;-371.626.444.499.237;;;
Superficie: 5.000 m2  Equipamientos:    1 Campo de futbol 7 1 Pista de futbol sala 1 Pista polideportiva (con marcajes de baloncesto y voley) 2 Pistas de bolos y petanca 2 Tenis de mesa  Acceso libre.;Metro: Marques de Vadillo (linea 5).;0;http://www.madrid.es/sites/v/index.jsp?vgnextchannel=bfa48ab43d6bb410VgnVCM100000171f5a0aRCRD&vgnextoid=72d28f82f7f61110VgnVCM1000000b205a0aRCRD;ANTONIO DE LEYVA;CALLE;V;35;;;;;MADRID;MADRID;28019;1;COMILLAS;11;CARABANCHEL;439305;4471634;40.393.087.603.439.400;-3.715.247.014.237.780;;;
Unidades deportivas cubiertas:  Pista polideportiva (marcajes de futbol sala, 3 de baloncesto transversales).  Acceso libre.;Metro: Villa de Vallecas (linea 1).;2;http://www.madrid.es/sites/v/index.jsp?vgnextchannel=bfa48ab43d6bb410VgnVCM100000171f5a0aRCRD&vgnextoid=c4fa3b9c7c451110VgnVCM1000000b205a0aRCRD;MONTE DE MONTJUICH;CALLE;V;9;;;;;MADRID;MADRID;28031;2;SANTA EUGENIA;18;VILLA DE VALLECAS;447728;4470179;40.380.551.636.449.300;-36.158.152.393.748.700;;;
Unidades deportivas:    1 Campo de futbol 7 (cesped artificial) Circuito de bicicletas  Circuito de vida  1 Pista de futbol sala 5 Salas multiusos  1 Pista polideportiva (con marcaje de futbol sala y balonmano)  1 Pista polideportiva (con marcaje de baloncesto, voleibol y tenis single)  3 Pistas de padel (cristal)  1 Pista de tenis Sala de musculacion  Acceso controlado.;Metro: O'Donnell (linea 6).;1;http://www.madrid.es/sites/v/index.jsp?vgnextchannel=bfa48ab43d6bb410VgnVCM100000171f5a0aRCRD&vgnextoid=ca93d9d0f9f33310VgnVCM2000000c205a0aRCRD;ALCALDE SAINZ DE BARANDA;CALLE;V;94;;;;;MADRID;MADRID;28007;3;FUENTE DEL BERRO;4;SALAMANCA;443945;4474719;4.042.121.783.502.110;-36.607.653.462.118.400;917 654 330;;
